-I: Adding /opt/homebrew/Caskroom/miniforge/base/envs/mosaics-ff-local/dat/leap/prep to search path.
-I: Adding /opt/homebrew/Caskroom/miniforge/base/envs/mosaics-ff-local/dat/leap/lib to search path.
-I: Adding /opt/homebrew/Caskroom/miniforge/base/envs/mosaics-ff-local/dat/leap/parm to search path.
-I: Adding /opt/homebrew/Caskroom/miniforge/base/envs/mosaics-ff-local/dat/leap/cmd to search path.
-f: Source build_ol21_ol3.in.

Welcome to LEaP!
(no leaprc in search path)
Sourcing: ./build_ol21_ol3.in
----- Source: /opt/homebrew/Caskroom/miniforge/base/envs/mosaics-ff-local/dat/leap/cmd/leaprc.DNA.OL21
----- Source of /opt/homebrew/Caskroom/miniforge/base/envs/mosaics-ff-local/dat/leap/cmd/leaprc.DNA.OL21 done
Log file: ./leap.log
Loading library: /opt/homebrew/Caskroom/miniforge/base/envs/mosaics-ff-local/dat/leap/lib/ff-nucleic-OL21.lib
Loading parameters: /opt/homebrew/Caskroom/miniforge/base/envs/mosaics-ff-local/dat/leap/parm/parm10.dat
Reading title:
PARM99 + frcmod.ff99SB + frcmod.parmbsc0 + OL3 for RNA
Loading parameters: /opt/homebrew/Caskroom/miniforge/base/envs/mosaics-ff-local/dat/leap/parm/ff-nucleic-OL21.frcmod
Reading force field modification type file (frcmod)
Reading title:
OL21 force field for DNA (OL15 + alpha/gamma OL21), see http://ffol.upol.cz
----- Source: /opt/homebrew/Caskroom/miniforge/base/envs/mosaics-ff-local/dat/leap/cmd/leaprc.RNA.OL3
----- Source of /opt/homebrew/Caskroom/miniforge/base/envs/mosaics-ff-local/dat/leap/cmd/leaprc.RNA.OL3 done
Log file: ./leap.log

/opt/homebrew/Caskroom/miniforge/base/envs/mosaics-ff-local/bin/teLeap: Note.
Skipping parm10.dat: already loaded
Loading library: /opt/homebrew/Caskroom/miniforge/base/envs/mosaics-ff-local/dat/leap/lib/RNA.lib
Substituting map O5* -> O5'  for  O5* -> O5'
Substituting map C5* -> C5'  for  C5* -> C5'
Substituting map C4* -> C4'  for  C4* -> C4'
Substituting map O4* -> O4'  for  O4* -> O4'
Substituting map C3* -> C3'  for  C3* -> C3'
Substituting map O3* -> O3'  for  O3* -> O3'
Substituting map C2* -> C2'  for  C2* -> C2'
Substituting map O2* -> O2'  for  O2* -> O2'
Substituting map C1* -> C1'  for  C1* -> C1'
Substituting map C5M -> C7  for  C5M -> C7
Substituting map H1* -> H1'  for  H1* -> H1'
Substituting map H2*1 -> H2'  for  H2*1 -> H2'
Substituting map H2*2 -> H2''  for  H2*2 -> H2''
Substituting map H2'1 -> H2'  for  H2'1 -> H2'
Substituting map H2'2 -> H2''  for  H2'2 -> H2''
Substituting map H3* -> H3'  for  H3* -> H3'
Substituting map H4* -> H4'  for  H4* -> H4'
Substituting map H5*1 -> H5'  for  H5*1 -> H5'
Substituting map H5*2 -> H5''  for  H5*2 -> H5''
Substituting map H5'1 -> H5'  for  H5'1 -> H5'
Substituting map H5'2 -> H5''  for  H5'2 -> H5''
Substituting map HO'2 -> HO2'  for  HO'2 -> HO2'
Substituting map H5T -> HO5'  for  H5T -> HO5'
Substituting map H3T -> HO3'  for  H3T -> HO3'
Substituting map O1' -> O4'  for  O1' -> O4'
Substituting map OA -> OP1  for  OA -> OP1
Substituting map OB -> OP2  for  OB -> OP2
Substituting map O1P -> OP1  for  O1P -> OP1
Substituting map O2P -> OP2  for  O2P -> OP2
Checking 'combined'....

/opt/homebrew/Caskroom/miniforge/base/envs/mosaics-ff-local/bin/teLeap: Warning!
The unperturbed charge of the unit (-28.000000) is not zero.

/opt/homebrew/Caskroom/miniforge/base/envs/mosaics-ff-local/bin/teLeap: Warning!
Close contact of 0.000 angstroms between nonbonded atoms P and P
-------  .R<DA3 15>.A<P 1> and .R<C3 30>.A<P 1>

/opt/homebrew/Caskroom/miniforge/base/envs/mosaics-ff-local/bin/teLeap: Warning!
Close contact of 1.480 angstroms between nonbonded atoms P and OP1
-------  .R<DA3 15>.A<P 1> and .R<C3 30>.A<OP1 2>

/opt/homebrew/Caskroom/miniforge/base/envs/mosaics-ff-local/bin/teLeap: Warning!
Close contact of 1.480 angstroms between nonbonded atoms P and OP2
-------  .R<DA3 15>.A<P 1> and .R<C3 30>.A<OP2 3>

/opt/homebrew/Caskroom/miniforge/base/envs/mosaics-ff-local/bin/teLeap: Warning!
Close contact of 1.480 angstroms between nonbonded atoms OP1 and P
-------  .R<DA3 15>.A<OP1 2> and .R<C3 30>.A<P 1>

/opt/homebrew/Caskroom/miniforge/base/envs/mosaics-ff-local/bin/teLeap: Warning!
Close contact of 0.000 angstroms between nonbonded atoms OP1 and OP1
-------  .R<DA3 15>.A<OP1 2> and .R<C3 30>.A<OP1 2>

/opt/homebrew/Caskroom/miniforge/base/envs/mosaics-ff-local/bin/teLeap: Warning!
Close contact of 1.480 angstroms between nonbonded atoms OP2 and P
-------  .R<DA3 15>.A<OP2 3> and .R<C3 30>.A<P 1>

/opt/homebrew/Caskroom/miniforge/base/envs/mosaics-ff-local/bin/teLeap: Warning!
Close contact of 0.000 angstroms between nonbonded atoms OP2 and OP2
-------  .R<DA3 15>.A<OP2 3> and .R<C3 30>.A<OP2 3>

/opt/homebrew/Caskroom/miniforge/base/envs/mosaics-ff-local/bin/teLeap: Warning!
Close contact of 0.000 angstroms between nonbonded atoms O5' and O5'
-------  .R<DA3 15>.A<O5' 4> and .R<C3 30>.A<O5' 4>

/opt/homebrew/Caskroom/miniforge/base/envs/mosaics-ff-local/bin/teLeap: Warning!
Close contact of 1.440 angstroms between nonbonded atoms O5' and C5'
-------  .R<DA3 15>.A<O5' 4> and .R<C3 30>.A<C5' 5>

/opt/homebrew/Caskroom/miniforge/base/envs/mosaics-ff-local/bin/teLeap: Warning!
Close contact of 1.440 angstroms between nonbonded atoms C5' and O5'
-------  .R<DA3 15>.A<C5' 5> and .R<C3 30>.A<O5' 4>

/opt/homebrew/Caskroom/miniforge/base/envs/mosaics-ff-local/bin/teLeap: Warning!
Close contact of 0.000 angstroms between nonbonded atoms C5' and C5'
-------  .R<DA3 15>.A<C5' 5> and .R<C3 30>.A<C5' 5>

/opt/homebrew/Caskroom/miniforge/base/envs/mosaics-ff-local/bin/teLeap: Warning!
Close contact of 1.090 angstroms between nonbonded atoms C5' and H5'
-------  .R<DA3 15>.A<C5' 5> and .R<C3 30>.A<H5' 6>

/opt/homebrew/Caskroom/miniforge/base/envs/mosaics-ff-local/bin/teLeap: Warning!
Close contact of 1.090 angstroms between nonbonded atoms C5' and H5''
-------  .R<DA3 15>.A<C5' 5> and .R<C3 30>.A<H5'' 7>

/opt/homebrew/Caskroom/miniforge/base/envs/mosaics-ff-local/bin/teLeap: Warning!
Close contact of 0.956 angstroms between nonbonded atoms H5' and C4'
-------  .R<DA3 15>.A<H5' 6> and .R<DA3 15>.A<C4' 8>

/opt/homebrew/Caskroom/miniforge/base/envs/mosaics-ff-local/bin/teLeap: Warning!
Close contact of 1.350 angstroms between nonbonded atoms H5' and O4'
-------  .R<DA3 15>.A<H5' 6> and .R<DA3 15>.A<O4' 10>

/opt/homebrew/Caskroom/miniforge/base/envs/mosaics-ff-local/bin/teLeap: Warning!
Close contact of 1.090 angstroms between nonbonded atoms H5' and C5'
-------  .R<DA3 15>.A<H5' 6> and .R<C3 30>.A<C5' 5>

/opt/homebrew/Caskroom/miniforge/base/envs/mosaics-ff-local/bin/teLeap: Warning!
Close contact of 1.303 angstroms between nonbonded atoms H5' and H5'
-------  .R<DA3 15>.A<H5' 6> and .R<C3 30>.A<H5' 6>

/opt/homebrew/Caskroom/miniforge/base/envs/mosaics-ff-local/bin/teLeap: Warning!
Close contact of 0.956 angstroms between nonbonded atoms H5' and C4'
-------  .R<DA3 15>.A<H5' 6> and .R<C3 30>.A<C4' 8>

/opt/homebrew/Caskroom/miniforge/base/envs/mosaics-ff-local/bin/teLeap: Warning!
Close contact of 1.350 angstroms between nonbonded atoms H5' and O4'
-------  .R<DA3 15>.A<H5' 6> and .R<C3 30>.A<O4' 10>

/opt/homebrew/Caskroom/miniforge/base/envs/mosaics-ff-local/bin/teLeap: Warning!
Close contact of 1.090 angstroms between nonbonded atoms H5'' and C5'
-------  .R<DA3 15>.A<H5'' 7> and .R<C3 30>.A<C5' 5>

/opt/homebrew/Caskroom/miniforge/base/envs/mosaics-ff-local/bin/teLeap: Warning!
Close contact of 0.000 angstroms between nonbonded atoms H5'' and H5''
-------  .R<DA3 15>.A<H5'' 7> and .R<C3 30>.A<H5'' 7>

/opt/homebrew/Caskroom/miniforge/base/envs/mosaics-ff-local/bin/teLeap: Warning!
Close contact of 0.000 angstroms between nonbonded atoms C4' and C4'
-------  .R<DA3 15>.A<C4' 8> and .R<C3 30>.A<C4' 8>

/opt/homebrew/Caskroom/miniforge/base/envs/mosaics-ff-local/bin/teLeap: Warning!
Close contact of 1.090 angstroms between nonbonded atoms C4' and H4'
-------  .R<DA3 15>.A<C4' 8> and .R<C3 30>.A<H4' 9>

/opt/homebrew/Caskroom/miniforge/base/envs/mosaics-ff-local/bin/teLeap: Warning!
Close contact of 1.460 angstroms between nonbonded atoms C4' and O4'
-------  .R<DA3 15>.A<C4' 8> and .R<C3 30>.A<O4' 10>

/opt/homebrew/Caskroom/miniforge/base/envs/mosaics-ff-local/bin/teLeap: Warning!
Close contact of 1.090 angstroms between nonbonded atoms H4' and C4'
-------  .R<DA3 15>.A<H4' 9> and .R<C3 30>.A<C4' 8>

/opt/homebrew/Caskroom/miniforge/base/envs/mosaics-ff-local/bin/teLeap: Warning!
Close contact of 0.000 angstroms between nonbonded atoms H4' and H4'
-------  .R<DA3 15>.A<H4' 9> and .R<C3 30>.A<H4' 9>

/opt/homebrew/Caskroom/miniforge/base/envs/mosaics-ff-local/bin/teLeap: Warning!
Close contact of 1.460 angstroms between nonbonded atoms O4' and C4'
-------  .R<DA3 15>.A<O4' 10> and .R<C3 30>.A<C4' 8>

/opt/homebrew/Caskroom/miniforge/base/envs/mosaics-ff-local/bin/teLeap: Warning!
Close contact of 0.000 angstroms between nonbonded atoms O4' and O4'
-------  .R<DA3 15>.A<O4' 10> and .R<C3 30>.A<O4' 10>

/opt/homebrew/Caskroom/miniforge/base/envs/mosaics-ff-local/bin/teLeap: Warning!
Close contact of 1.420 angstroms between nonbonded atoms O4' and C1'
-------  .R<DA3 15>.A<O4' 10> and .R<C3 30>.A<C1' 11>

/opt/homebrew/Caskroom/miniforge/base/envs/mosaics-ff-local/bin/teLeap: Warning!
Close contact of 1.420 angstroms between nonbonded atoms C1' and O4'
-------  .R<DA3 15>.A<C1' 11> and .R<C3 30>.A<O4' 10>

/opt/homebrew/Caskroom/miniforge/base/envs/mosaics-ff-local/bin/teLeap: Warning!
Close contact of 0.000 angstroms between nonbonded atoms C1' and C1'
-------  .R<DA3 15>.A<C1' 11> and .R<C3 30>.A<C1' 11>

/opt/homebrew/Caskroom/miniforge/base/envs/mosaics-ff-local/bin/teLeap: Warning!
Close contact of 1.090 angstroms between nonbonded atoms C1' and H1'
-------  .R<DA3 15>.A<C1' 11> and .R<C3 30>.A<H1' 12>

/opt/homebrew/Caskroom/miniforge/base/envs/mosaics-ff-local/bin/teLeap: Warning!
Close contact of 1.490 angstroms between nonbonded atoms C1' and N1
-------  .R<DA3 15>.A<C1' 11> and .R<C3 30>.A<N1 13>

/opt/homebrew/Caskroom/miniforge/base/envs/mosaics-ff-local/bin/teLeap: Warning!
Close contact of 1.090 angstroms between nonbonded atoms H1' and C1'
-------  .R<DA3 15>.A<H1' 12> and .R<C3 30>.A<C1' 11>

/opt/homebrew/Caskroom/miniforge/base/envs/mosaics-ff-local/bin/teLeap: Warning!
Close contact of 0.000 angstroms between nonbonded atoms H1' and H1'
-------  .R<DA3 15>.A<H1' 12> and .R<C3 30>.A<H1' 12>

/opt/homebrew/Caskroom/miniforge/base/envs/mosaics-ff-local/bin/teLeap: Warning!
Close contact of 0.049 angstroms between nonbonded atoms N9 and N1
-------  .R<DA3 15>.A<N9 13> and .R<C3 30>.A<N1 13>

/opt/homebrew/Caskroom/miniforge/base/envs/mosaics-ff-local/bin/teLeap: Warning!
Close contact of 1.351 angstroms between nonbonded atoms N9 and C6
-------  .R<DA3 15>.A<N9 13> and .R<C3 30>.A<C6 14>

/opt/homebrew/Caskroom/miniforge/base/envs/mosaics-ff-local/bin/teLeap: Warning!
Close contact of 1.369 angstroms between nonbonded atoms N9 and C2
-------  .R<DA3 15>.A<N9 13> and .R<C3 30>.A<C2 23>

/opt/homebrew/Caskroom/miniforge/base/envs/mosaics-ff-local/bin/teLeap: Warning!
Close contact of 1.387 angstroms between nonbonded atoms C8 and N1
-------  .R<DA3 15>.A<C8 14> and .R<C3 30>.A<N1 13>

/opt/homebrew/Caskroom/miniforge/base/envs/mosaics-ff-local/bin/teLeap: Warning!
Close contact of 0.280 angstroms between nonbonded atoms C8 and C6
-------  .R<DA3 15>.A<C8 14> and .R<C3 30>.A<C6 14>

/opt/homebrew/Caskroom/miniforge/base/envs/mosaics-ff-local/bin/teLeap: Warning!
Close contact of 1.326 angstroms between nonbonded atoms C8 and H6
-------  .R<DA3 15>.A<C8 14> and .R<C3 30>.A<H6 15>

/opt/homebrew/Caskroom/miniforge/base/envs/mosaics-ff-local/bin/teLeap: Warning!
Close contact of 1.137 angstroms between nonbonded atoms C8 and C5
-------  .R<DA3 15>.A<C8 14> and .R<C3 30>.A<C5 16>

/opt/homebrew/Caskroom/miniforge/base/envs/mosaics-ff-local/bin/teLeap: Warning!
Close contact of 0.889 angstroms between nonbonded atoms H8 and C6
-------  .R<DA3 15>.A<H8 15> and .R<C3 30>.A<C6 14>

/opt/homebrew/Caskroom/miniforge/base/envs/mosaics-ff-local/bin/teLeap: Warning!
Close contact of 0.419 angstroms between nonbonded atoms H8 and H6
-------  .R<DA3 15>.A<H8 15> and .R<C3 30>.A<H6 15>

/opt/homebrew/Caskroom/miniforge/base/envs/mosaics-ff-local/bin/teLeap: Warning!
Close contact of 0.564 angstroms between nonbonded atoms N7 and C5
-------  .R<DA3 15>.A<N7 16> and .R<C3 30>.A<C5 16>

/opt/homebrew/Caskroom/miniforge/base/envs/mosaics-ff-local/bin/teLeap: Warning!
Close contact of 0.931 angstroms between nonbonded atoms N7 and C4
-------  .R<DA3 15>.A<N7 16> and .R<C3 30>.A<C4 18>

/opt/homebrew/Caskroom/miniforge/base/envs/mosaics-ff-local/bin/teLeap: Warning!
Close contact of 0.914 angstroms between nonbonded atoms C5 and C4
-------  .R<DA3 15>.A<C5 17> and .R<C3 30>.A<C4 18>

/opt/homebrew/Caskroom/miniforge/base/envs/mosaics-ff-local/bin/teLeap: Warning!
Close contact of 0.537 angstroms between nonbonded atoms C5 and N3
-------  .R<DA3 15>.A<C5 17> and .R<C3 30>.A<N3 22>

/opt/homebrew/Caskroom/miniforge/base/envs/mosaics-ff-local/bin/teLeap: Warning!
Close contact of 1.199 angstroms between nonbonded atoms C6 and N3
-------  .R<DA3 15>.A<C6 18> and .R<C3 30>.A<N3 22>

/opt/homebrew/Caskroom/miniforge/base/envs/mosaics-ff-local/bin/teLeap: Warning!
Close contact of 1.416 angstroms between nonbonded atoms N6 and N4
-------  .R<DA3 15>.A<N6 19> and .R<C3 30>.A<N4 19>

/opt/homebrew/Caskroom/miniforge/base/envs/mosaics-ff-local/bin/teLeap: Warning!
Close contact of 0.554 angstroms between nonbonded atoms N6 and H41
-------  .R<DA3 15>.A<N6 19> and .R<C3 30>.A<H41 20>

/opt/homebrew/Caskroom/miniforge/base/envs/mosaics-ff-local/bin/teLeap: Warning!
Close contact of 1.379 angstroms between nonbonded atoms H61 and H41
-------  .R<DA3 15>.A<H61 20> and .R<C3 30>.A<H41 20>

/opt/homebrew/Caskroom/miniforge/base/envs/mosaics-ff-local/bin/teLeap: Warning!
Close contact of 0.856 angstroms between nonbonded atoms H62 and N4
-------  .R<DA3 15>.A<H62 21> and .R<C3 30>.A<N4 19>

/opt/homebrew/Caskroom/miniforge/base/envs/mosaics-ff-local/bin/teLeap: Warning!
Close contact of 0.711 angstroms between nonbonded atoms H62 and H41
-------  .R<DA3 15>.A<H62 21> and .R<C3 30>.A<H41 20>

/opt/homebrew/Caskroom/miniforge/base/envs/mosaics-ff-local/bin/teLeap: Warning!
Close contact of 1.270 angstroms between nonbonded atoms H62 and H42
-------  .R<DA3 15>.A<H62 21> and .R<C3 30>.A<H42 21>

/opt/homebrew/Caskroom/miniforge/base/envs/mosaics-ff-local/bin/teLeap: Warning!
Close contact of 1.240 angstroms between nonbonded atoms N3 and C2
-------  .R<DA3 15>.A<N3 25> and .R<C3 30>.A<C2 23>

/opt/homebrew/Caskroom/miniforge/base/envs/mosaics-ff-local/bin/teLeap: Warning!
Close contact of 0.411 angstroms between nonbonded atoms N3 and O2
-------  .R<DA3 15>.A<N3 25> and .R<C3 30>.A<O2 24>

/opt/homebrew/Caskroom/miniforge/base/envs/mosaics-ff-local/bin/teLeap: Warning!
Close contact of 1.389 angstroms between nonbonded atoms C4 and N1
-------  .R<DA3 15>.A<C4 26> and .R<C3 30>.A<N1 13>

/opt/homebrew/Caskroom/miniforge/base/envs/mosaics-ff-local/bin/teLeap: Warning!
Close contact of 1.243 angstroms between nonbonded atoms C4 and N3
-------  .R<DA3 15>.A<C4 26> and .R<C3 30>.A<N3 22>

/opt/homebrew/Caskroom/miniforge/base/envs/mosaics-ff-local/bin/teLeap: Warning!
Close contact of 0.199 angstroms between nonbonded atoms C4 and C2
-------  .R<DA3 15>.A<C4 26> and .R<C3 30>.A<C2 23>

/opt/homebrew/Caskroom/miniforge/base/envs/mosaics-ff-local/bin/teLeap: Warning!
Close contact of 1.387 angstroms between nonbonded atoms C4 and O2
-------  .R<DA3 15>.A<C4 26> and .R<C3 30>.A<O2 24>

/opt/homebrew/Caskroom/miniforge/base/envs/mosaics-ff-local/bin/teLeap: Warning!
Close contact of 0.000 angstroms between nonbonded atoms C3' and C3'
-------  .R<DA3 15>.A<C3' 27> and .R<C3 30>.A<C3' 25>

/opt/homebrew/Caskroom/miniforge/base/envs/mosaics-ff-local/bin/teLeap: Warning!
Close contact of 1.090 angstroms between nonbonded atoms C3' and H3'
-------  .R<DA3 15>.A<C3' 27> and .R<C3 30>.A<H3' 26>

/opt/homebrew/Caskroom/miniforge/base/envs/mosaics-ff-local/bin/teLeap: Warning!
Close contact of 1.420 angstroms between nonbonded atoms C3' and O3'
-------  .R<DA3 15>.A<C3' 27> and .R<C3 30>.A<O3' 31>

/opt/homebrew/Caskroom/miniforge/base/envs/mosaics-ff-local/bin/teLeap: Warning!
Close contact of 1.090 angstroms between nonbonded atoms H3' and C3'
-------  .R<DA3 15>.A<H3' 28> and .R<C3 30>.A<C3' 25>

/opt/homebrew/Caskroom/miniforge/base/envs/mosaics-ff-local/bin/teLeap: Warning!
Close contact of 0.000 angstroms between nonbonded atoms H3' and H3'
-------  .R<DA3 15>.A<H3' 28> and .R<C3 30>.A<H3' 26>

/opt/homebrew/Caskroom/miniforge/base/envs/mosaics-ff-local/bin/teLeap: Warning!
Close contact of 0.000 angstroms between nonbonded atoms C2' and C2'
-------  .R<DA3 15>.A<C2' 29> and .R<C3 30>.A<C2' 27>

/opt/homebrew/Caskroom/miniforge/base/envs/mosaics-ff-local/bin/teLeap: Warning!
Close contact of 1.090 angstroms between nonbonded atoms C2' and H2'
-------  .R<DA3 15>.A<C2' 29> and .R<C3 30>.A<H2' 28>

/opt/homebrew/Caskroom/miniforge/base/envs/mosaics-ff-local/bin/teLeap: Warning!
Close contact of 1.430 angstroms between nonbonded atoms C2' and O2'
-------  .R<DA3 15>.A<C2' 29> and .R<C3 30>.A<O2' 29>

/opt/homebrew/Caskroom/miniforge/base/envs/mosaics-ff-local/bin/teLeap: Warning!
Close contact of 1.090 angstroms between nonbonded atoms H2' and C2'
-------  .R<DA3 15>.A<H2' 30> and .R<C3 30>.A<C2' 27>

/opt/homebrew/Caskroom/miniforge/base/envs/mosaics-ff-local/bin/teLeap: Warning!
Close contact of 0.000 angstroms between nonbonded atoms H2' and H2'
-------  .R<DA3 15>.A<H2' 30> and .R<C3 30>.A<H2' 28>

/opt/homebrew/Caskroom/miniforge/base/envs/mosaics-ff-local/bin/teLeap: Warning!
Close contact of 1.090 angstroms between nonbonded atoms H2'' and C2'
-------  .R<DA3 15>.A<H2'' 31> and .R<C3 30>.A<C2' 27>

/opt/homebrew/Caskroom/miniforge/base/envs/mosaics-ff-local/bin/teLeap: Warning!
Close contact of 0.340 angstroms between nonbonded atoms H2'' and O2'
-------  .R<DA3 15>.A<H2'' 31> and .R<C3 30>.A<O2' 29>

/opt/homebrew/Caskroom/miniforge/base/envs/mosaics-ff-local/bin/teLeap: Warning!
Close contact of 1.108 angstroms between nonbonded atoms H2'' and HO2'
-------  .R<DA3 15>.A<H2'' 31> and .R<C3 30>.A<HO2' 30>

/opt/homebrew/Caskroom/miniforge/base/envs/mosaics-ff-local/bin/teLeap: Warning!
Close contact of 1.420 angstroms between nonbonded atoms O3' and C3'
-------  .R<DA3 15>.A<O3' 32> and .R<C3 30>.A<C3' 25>

/opt/homebrew/Caskroom/miniforge/base/envs/mosaics-ff-local/bin/teLeap: Warning!
Close contact of 0.000 angstroms between nonbonded atoms O3' and O3'
-------  .R<DA3 15>.A<O3' 32> and .R<C3 30>.A<O3' 31>

/opt/homebrew/Caskroom/miniforge/base/envs/mosaics-ff-local/bin/teLeap: Warning!
Close contact of 0.960 angstroms between nonbonded atoms O3' and HO3'
-------  .R<DA3 15>.A<O3' 32> and .R<C3 30>.A<HO3' 32>

/opt/homebrew/Caskroom/miniforge/base/envs/mosaics-ff-local/bin/teLeap: Warning!
Close contact of 0.960 angstroms between nonbonded atoms HO3' and O3'
-------  .R<DA3 15>.A<HO3' 33> and .R<C3 30>.A<O3' 31>

/opt/homebrew/Caskroom/miniforge/base/envs/mosaics-ff-local/bin/teLeap: Warning!
Close contact of 0.000 angstroms between nonbonded atoms HO3' and HO3'
-------  .R<DA3 15>.A<HO3' 33> and .R<C3 30>.A<HO3' 32>

/opt/homebrew/Caskroom/miniforge/base/envs/mosaics-ff-local/bin/teLeap: Warning!
Close contact of 0.000 angstroms between nonbonded atoms P and P
-------  .R<DA 14>.A<P 1> and .R<C 29>.A<P 1>

/opt/homebrew/Caskroom/miniforge/base/envs/mosaics-ff-local/bin/teLeap: Warning!
Close contact of 1.480 angstroms between nonbonded atoms P and OP1
-------  .R<DA 14>.A<P 1> and .R<C 29>.A<OP1 2>

/opt/homebrew/Caskroom/miniforge/base/envs/mosaics-ff-local/bin/teLeap: Warning!
Close contact of 1.480 angstroms between nonbonded atoms P and OP2
-------  .R<DA 14>.A<P 1> and .R<C 29>.A<OP2 3>

/opt/homebrew/Caskroom/miniforge/base/envs/mosaics-ff-local/bin/teLeap: Warning!
Close contact of 1.480 angstroms between nonbonded atoms OP1 and P
-------  .R<DA 14>.A<OP1 2> and .R<C 29>.A<P 1>

/opt/homebrew/Caskroom/miniforge/base/envs/mosaics-ff-local/bin/teLeap: Warning!
Close contact of 0.000 angstroms between nonbonded atoms OP1 and OP1
-------  .R<DA 14>.A<OP1 2> and .R<C 29>.A<OP1 2>

/opt/homebrew/Caskroom/miniforge/base/envs/mosaics-ff-local/bin/teLeap: Warning!
Close contact of 1.480 angstroms between nonbonded atoms OP2 and P
-------  .R<DA 14>.A<OP2 3> and .R<C 29>.A<P 1>

/opt/homebrew/Caskroom/miniforge/base/envs/mosaics-ff-local/bin/teLeap: Warning!
Close contact of 0.000 angstroms between nonbonded atoms OP2 and OP2
-------  .R<DA 14>.A<OP2 3> and .R<C 29>.A<OP2 3>

/opt/homebrew/Caskroom/miniforge/base/envs/mosaics-ff-local/bin/teLeap: Warning!
Close contact of 0.000 angstroms between nonbonded atoms O5' and O5'
-------  .R<DA 14>.A<O5' 4> and .R<C 29>.A<O5' 4>

/opt/homebrew/Caskroom/miniforge/base/envs/mosaics-ff-local/bin/teLeap: Warning!
Close contact of 1.440 angstroms between nonbonded atoms O5' and C5'
-------  .R<DA 14>.A<O5' 4> and .R<C 29>.A<C5' 5>

/opt/homebrew/Caskroom/miniforge/base/envs/mosaics-ff-local/bin/teLeap: Warning!
Close contact of 1.440 angstroms between nonbonded atoms C5' and O5'
-------  .R<DA 14>.A<C5' 5> and .R<C 29>.A<O5' 4>

/opt/homebrew/Caskroom/miniforge/base/envs/mosaics-ff-local/bin/teLeap: Warning!
Close contact of 0.000 angstroms between nonbonded atoms C5' and C5'
-------  .R<DA 14>.A<C5' 5> and .R<C 29>.A<C5' 5>

/opt/homebrew/Caskroom/miniforge/base/envs/mosaics-ff-local/bin/teLeap: Warning!
Close contact of 1.090 angstroms between nonbonded atoms C5' and H5'
-------  .R<DA 14>.A<C5' 5> and .R<C 29>.A<H5' 6>

/opt/homebrew/Caskroom/miniforge/base/envs/mosaics-ff-local/bin/teLeap: Warning!
Close contact of 1.090 angstroms between nonbonded atoms C5' and H5''
-------  .R<DA 14>.A<C5' 5> and .R<C 29>.A<H5'' 7>

/opt/homebrew/Caskroom/miniforge/base/envs/mosaics-ff-local/bin/teLeap: Warning!
Close contact of 1.393 angstroms between nonbonded atoms H5' and H5''
-------  .R<DA 14>.A<H5' 6> and .R<DA 14>.A<H5'' 7>

/opt/homebrew/Caskroom/miniforge/base/envs/mosaics-ff-local/bin/teLeap: Warning!
Close contact of 0.840 angstroms between nonbonded atoms H5' and C4'
-------  .R<DA 14>.A<H5' 6> and .R<DA 14>.A<C4' 8>

/opt/homebrew/Caskroom/miniforge/base/envs/mosaics-ff-local/bin/teLeap: Warning!
Close contact of 1.348 angstroms between nonbonded atoms H5' and H4'
-------  .R<DA 14>.A<H5' 6> and .R<DA 14>.A<H4' 9>

/opt/homebrew/Caskroom/miniforge/base/envs/mosaics-ff-local/bin/teLeap: Warning!
Close contact of 1.090 angstroms between nonbonded atoms H5' and C5'
-------  .R<DA 14>.A<H5' 6> and .R<C 29>.A<C5' 5>

/opt/homebrew/Caskroom/miniforge/base/envs/mosaics-ff-local/bin/teLeap: Warning!
Close contact of 1.393 angstroms between nonbonded atoms H5' and H5''
-------  .R<DA 14>.A<H5' 6> and .R<C 29>.A<H5'' 7>

/opt/homebrew/Caskroom/miniforge/base/envs/mosaics-ff-local/bin/teLeap: Warning!
Close contact of 0.840 angstroms between nonbonded atoms H5' and C4'
-------  .R<DA 14>.A<H5' 6> and .R<C 29>.A<C4' 8>

/opt/homebrew/Caskroom/miniforge/base/envs/mosaics-ff-local/bin/teLeap: Warning!
Close contact of 1.348 angstroms between nonbonded atoms H5' and H4'
-------  .R<DA 14>.A<H5' 6> and .R<C 29>.A<H4' 9>

/opt/homebrew/Caskroom/miniforge/base/envs/mosaics-ff-local/bin/teLeap: Warning!
Close contact of 1.090 angstroms between nonbonded atoms H5'' and C5'
-------  .R<DA 14>.A<H5'' 7> and .R<C 29>.A<C5' 5>

/opt/homebrew/Caskroom/miniforge/base/envs/mosaics-ff-local/bin/teLeap: Warning!
Close contact of 0.000 angstroms between nonbonded atoms H5'' and H5''
-------  .R<DA 14>.A<H5'' 7> and .R<C 29>.A<H5'' 7>

/opt/homebrew/Caskroom/miniforge/base/envs/mosaics-ff-local/bin/teLeap: Warning!
Close contact of 0.000 angstroms between nonbonded atoms C4' and C4'
-------  .R<DA 14>.A<C4' 8> and .R<C 29>.A<C4' 8>

/opt/homebrew/Caskroom/miniforge/base/envs/mosaics-ff-local/bin/teLeap: Warning!
Close contact of 1.090 angstroms between nonbonded atoms C4' and H4'
-------  .R<DA 14>.A<C4' 8> and .R<C 29>.A<H4' 9>

/opt/homebrew/Caskroom/miniforge/base/envs/mosaics-ff-local/bin/teLeap: Warning!
Close contact of 1.460 angstroms between nonbonded atoms C4' and O4'
-------  .R<DA 14>.A<C4' 8> and .R<C 29>.A<O4' 10>

/opt/homebrew/Caskroom/miniforge/base/envs/mosaics-ff-local/bin/teLeap: Warning!
Close contact of 1.090 angstroms between nonbonded atoms H4' and C4'
-------  .R<DA 14>.A<H4' 9> and .R<C 29>.A<C4' 8>

/opt/homebrew/Caskroom/miniforge/base/envs/mosaics-ff-local/bin/teLeap: Warning!
Close contact of 0.000 angstroms between nonbonded atoms H4' and H4'
-------  .R<DA 14>.A<H4' 9> and .R<C 29>.A<H4' 9>

/opt/homebrew/Caskroom/miniforge/base/envs/mosaics-ff-local/bin/teLeap: Warning!
Close contact of 1.460 angstroms between nonbonded atoms O4' and C4'
-------  .R<DA 14>.A<O4' 10> and .R<C 29>.A<C4' 8>

/opt/homebrew/Caskroom/miniforge/base/envs/mosaics-ff-local/bin/teLeap: Warning!
Close contact of 0.000 angstroms between nonbonded atoms O4' and O4'
-------  .R<DA 14>.A<O4' 10> and .R<C 29>.A<O4' 10>

/opt/homebrew/Caskroom/miniforge/base/envs/mosaics-ff-local/bin/teLeap: Warning!
Close contact of 1.420 angstroms between nonbonded atoms O4' and C1'
-------  .R<DA 14>.A<O4' 10> and .R<C 29>.A<C1' 11>

/opt/homebrew/Caskroom/miniforge/base/envs/mosaics-ff-local/bin/teLeap: Warning!
Close contact of 1.420 angstroms between nonbonded atoms C1' and O4'
-------  .R<DA 14>.A<C1' 11> and .R<C 29>.A<O4' 10>

/opt/homebrew/Caskroom/miniforge/base/envs/mosaics-ff-local/bin/teLeap: Warning!
Close contact of 0.000 angstroms between nonbonded atoms C1' and C1'
-------  .R<DA 14>.A<C1' 11> and .R<C 29>.A<C1' 11>

/opt/homebrew/Caskroom/miniforge/base/envs/mosaics-ff-local/bin/teLeap: Warning!
Close contact of 1.090 angstroms between nonbonded atoms C1' and H1'
-------  .R<DA 14>.A<C1' 11> and .R<C 29>.A<H1' 12>

/opt/homebrew/Caskroom/miniforge/base/envs/mosaics-ff-local/bin/teLeap: Warning!
Close contact of 1.490 angstroms between nonbonded atoms C1' and N1
-------  .R<DA 14>.A<C1' 11> and .R<C 29>.A<N1 13>

/opt/homebrew/Caskroom/miniforge/base/envs/mosaics-ff-local/bin/teLeap: Warning!
Close contact of 1.090 angstroms between nonbonded atoms H1' and C1'
-------  .R<DA 14>.A<H1' 12> and .R<C 29>.A<C1' 11>

/opt/homebrew/Caskroom/miniforge/base/envs/mosaics-ff-local/bin/teLeap: Warning!
Close contact of 0.000 angstroms between nonbonded atoms H1' and H1'
-------  .R<DA 14>.A<H1' 12> and .R<C 29>.A<H1' 12>

/opt/homebrew/Caskroom/miniforge/base/envs/mosaics-ff-local/bin/teLeap: Warning!
Close contact of 0.049 angstroms between nonbonded atoms N9 and N1
-------  .R<DA 14>.A<N9 13> and .R<C 29>.A<N1 13>

/opt/homebrew/Caskroom/miniforge/base/envs/mosaics-ff-local/bin/teLeap: Warning!
Close contact of 1.351 angstroms between nonbonded atoms N9 and C6
-------  .R<DA 14>.A<N9 13> and .R<C 29>.A<C6 14>

/opt/homebrew/Caskroom/miniforge/base/envs/mosaics-ff-local/bin/teLeap: Warning!
Close contact of 1.369 angstroms between nonbonded atoms N9 and C2
-------  .R<DA 14>.A<N9 13> and .R<C 29>.A<C2 23>

/opt/homebrew/Caskroom/miniforge/base/envs/mosaics-ff-local/bin/teLeap: Warning!
Close contact of 1.387 angstroms between nonbonded atoms C8 and N1
-------  .R<DA 14>.A<C8 14> and .R<C 29>.A<N1 13>

/opt/homebrew/Caskroom/miniforge/base/envs/mosaics-ff-local/bin/teLeap: Warning!
Close contact of 0.280 angstroms between nonbonded atoms C8 and C6
-------  .R<DA 14>.A<C8 14> and .R<C 29>.A<C6 14>

/opt/homebrew/Caskroom/miniforge/base/envs/mosaics-ff-local/bin/teLeap: Warning!
Close contact of 1.326 angstroms between nonbonded atoms C8 and H6
-------  .R<DA 14>.A<C8 14> and .R<C 29>.A<H6 15>

/opt/homebrew/Caskroom/miniforge/base/envs/mosaics-ff-local/bin/teLeap: Warning!
Close contact of 1.137 angstroms between nonbonded atoms C8 and C5
-------  .R<DA 14>.A<C8 14> and .R<C 29>.A<C5 16>

/opt/homebrew/Caskroom/miniforge/base/envs/mosaics-ff-local/bin/teLeap: Warning!
Close contact of 0.889 angstroms between nonbonded atoms H8 and C6
-------  .R<DA 14>.A<H8 15> and .R<C 29>.A<C6 14>

/opt/homebrew/Caskroom/miniforge/base/envs/mosaics-ff-local/bin/teLeap: Warning!
Close contact of 0.419 angstroms between nonbonded atoms H8 and H6
-------  .R<DA 14>.A<H8 15> and .R<C 29>.A<H6 15>

/opt/homebrew/Caskroom/miniforge/base/envs/mosaics-ff-local/bin/teLeap: Warning!
Close contact of 0.564 angstroms between nonbonded atoms N7 and C5
-------  .R<DA 14>.A<N7 16> and .R<C 29>.A<C5 16>

/opt/homebrew/Caskroom/miniforge/base/envs/mosaics-ff-local/bin/teLeap: Warning!
Close contact of 0.931 angstroms between nonbonded atoms N7 and C4
-------  .R<DA 14>.A<N7 16> and .R<C 29>.A<C4 18>

/opt/homebrew/Caskroom/miniforge/base/envs/mosaics-ff-local/bin/teLeap: Warning!
Close contact of 0.914 angstroms between nonbonded atoms C5 and C4
-------  .R<DA 14>.A<C5 17> and .R<C 29>.A<C4 18>

/opt/homebrew/Caskroom/miniforge/base/envs/mosaics-ff-local/bin/teLeap: Warning!
Close contact of 0.537 angstroms between nonbonded atoms C5 and N3
-------  .R<DA 14>.A<C5 17> and .R<C 29>.A<N3 22>

/opt/homebrew/Caskroom/miniforge/base/envs/mosaics-ff-local/bin/teLeap: Warning!
Close contact of 1.199 angstroms between nonbonded atoms C6 and N3
-------  .R<DA 14>.A<C6 18> and .R<C 29>.A<N3 22>

/opt/homebrew/Caskroom/miniforge/base/envs/mosaics-ff-local/bin/teLeap: Warning!
Close contact of 1.416 angstroms between nonbonded atoms N6 and N4
-------  .R<DA 14>.A<N6 19> and .R<C 29>.A<N4 19>

/opt/homebrew/Caskroom/miniforge/base/envs/mosaics-ff-local/bin/teLeap: Warning!
Close contact of 0.554 angstroms between nonbonded atoms N6 and H41
-------  .R<DA 14>.A<N6 19> and .R<C 29>.A<H41 20>

/opt/homebrew/Caskroom/miniforge/base/envs/mosaics-ff-local/bin/teLeap: Warning!
Close contact of 1.379 angstroms between nonbonded atoms H61 and H41
-------  .R<DA 14>.A<H61 20> and .R<C 29>.A<H41 20>

/opt/homebrew/Caskroom/miniforge/base/envs/mosaics-ff-local/bin/teLeap: Warning!
Close contact of 0.856 angstroms between nonbonded atoms H62 and N4
-------  .R<DA 14>.A<H62 21> and .R<C 29>.A<N4 19>

/opt/homebrew/Caskroom/miniforge/base/envs/mosaics-ff-local/bin/teLeap: Warning!
Close contact of 0.711 angstroms between nonbonded atoms H62 and H41
-------  .R<DA 14>.A<H62 21> and .R<C 29>.A<H41 20>

/opt/homebrew/Caskroom/miniforge/base/envs/mosaics-ff-local/bin/teLeap: Warning!
Close contact of 1.270 angstroms between nonbonded atoms H62 and H42
-------  .R<DA 14>.A<H62 21> and .R<C 29>.A<H42 21>

/opt/homebrew/Caskroom/miniforge/base/envs/mosaics-ff-local/bin/teLeap: Warning!
Close contact of 1.240 angstroms between nonbonded atoms N3 and C2
-------  .R<DA 14>.A<N3 25> and .R<C 29>.A<C2 23>

/opt/homebrew/Caskroom/miniforge/base/envs/mosaics-ff-local/bin/teLeap: Warning!
Close contact of 0.411 angstroms between nonbonded atoms N3 and O2
-------  .R<DA 14>.A<N3 25> and .R<C 29>.A<O2 24>

/opt/homebrew/Caskroom/miniforge/base/envs/mosaics-ff-local/bin/teLeap: Warning!
Close contact of 1.389 angstroms between nonbonded atoms C4 and N1
-------  .R<DA 14>.A<C4 26> and .R<C 29>.A<N1 13>

/opt/homebrew/Caskroom/miniforge/base/envs/mosaics-ff-local/bin/teLeap: Warning!
Close contact of 1.243 angstroms between nonbonded atoms C4 and N3
-------  .R<DA 14>.A<C4 26> and .R<C 29>.A<N3 22>

/opt/homebrew/Caskroom/miniforge/base/envs/mosaics-ff-local/bin/teLeap: Warning!
Close contact of 0.199 angstroms between nonbonded atoms C4 and C2
-------  .R<DA 14>.A<C4 26> and .R<C 29>.A<C2 23>

/opt/homebrew/Caskroom/miniforge/base/envs/mosaics-ff-local/bin/teLeap: Warning!
Close contact of 1.387 angstroms between nonbonded atoms C4 and O2
-------  .R<DA 14>.A<C4 26> and .R<C 29>.A<O2 24>

/opt/homebrew/Caskroom/miniforge/base/envs/mosaics-ff-local/bin/teLeap: Warning!
Close contact of 0.000 angstroms between nonbonded atoms C3' and C3'
-------  .R<DA 14>.A<C3' 27> and .R<C 29>.A<C3' 25>

/opt/homebrew/Caskroom/miniforge/base/envs/mosaics-ff-local/bin/teLeap: Warning!
Close contact of 1.090 angstroms between nonbonded atoms C3' and H3'
-------  .R<DA 14>.A<C3' 27> and .R<C 29>.A<H3' 26>

/opt/homebrew/Caskroom/miniforge/base/envs/mosaics-ff-local/bin/teLeap: Warning!
Close contact of 1.420 angstroms between nonbonded atoms C3' and O3'
-------  .R<DA 14>.A<C3' 27> and .R<C 29>.A<O3' 31>

/opt/homebrew/Caskroom/miniforge/base/envs/mosaics-ff-local/bin/teLeap: Warning!
Close contact of 1.090 angstroms between nonbonded atoms H3' and C3'
-------  .R<DA 14>.A<H3' 28> and .R<C 29>.A<C3' 25>

/opt/homebrew/Caskroom/miniforge/base/envs/mosaics-ff-local/bin/teLeap: Warning!
Close contact of 0.000 angstroms between nonbonded atoms H3' and H3'
-------  .R<DA 14>.A<H3' 28> and .R<C 29>.A<H3' 26>

/opt/homebrew/Caskroom/miniforge/base/envs/mosaics-ff-local/bin/teLeap: Warning!
Close contact of 1.140 angstroms between nonbonded atoms H3' and H5'
-------  .R<DA 14>.A<H3' 28> and .R<C3 30>.A<H5' 6>

/opt/homebrew/Caskroom/miniforge/base/envs/mosaics-ff-local/bin/teLeap: Warning!
Close contact of 0.000 angstroms between nonbonded atoms C2' and C2'
-------  .R<DA 14>.A<C2' 29> and .R<C 29>.A<C2' 27>

/opt/homebrew/Caskroom/miniforge/base/envs/mosaics-ff-local/bin/teLeap: Warning!
Close contact of 1.090 angstroms between nonbonded atoms C2' and H2'
-------  .R<DA 14>.A<C2' 29> and .R<C 29>.A<H2' 28>

/opt/homebrew/Caskroom/miniforge/base/envs/mosaics-ff-local/bin/teLeap: Warning!
Close contact of 1.430 angstroms between nonbonded atoms C2' and O2'
-------  .R<DA 14>.A<C2' 29> and .R<C 29>.A<O2' 29>

/opt/homebrew/Caskroom/miniforge/base/envs/mosaics-ff-local/bin/teLeap: Warning!
Close contact of 1.090 angstroms between nonbonded atoms H2' and C2'
-------  .R<DA 14>.A<H2' 30> and .R<C 29>.A<C2' 27>

/opt/homebrew/Caskroom/miniforge/base/envs/mosaics-ff-local/bin/teLeap: Warning!
Close contact of 0.000 angstroms between nonbonded atoms H2' and H2'
-------  .R<DA 14>.A<H2' 30> and .R<C 29>.A<H2' 28>

/opt/homebrew/Caskroom/miniforge/base/envs/mosaics-ff-local/bin/teLeap: Warning!
Close contact of 1.090 angstroms between nonbonded atoms H2'' and C2'
-------  .R<DA 14>.A<H2'' 31> and .R<C 29>.A<C2' 27>

/opt/homebrew/Caskroom/miniforge/base/envs/mosaics-ff-local/bin/teLeap: Warning!
Close contact of 0.340 angstroms between nonbonded atoms H2'' and O2'
-------  .R<DA 14>.A<H2'' 31> and .R<C 29>.A<O2' 29>

/opt/homebrew/Caskroom/miniforge/base/envs/mosaics-ff-local/bin/teLeap: Warning!
Close contact of 1.108 angstroms between nonbonded atoms H2'' and HO2'
-------  .R<DA 14>.A<H2'' 31> and .R<C 29>.A<HO2' 30>

/opt/homebrew/Caskroom/miniforge/base/envs/mosaics-ff-local/bin/teLeap: Warning!
Close contact of 1.420 angstroms between nonbonded atoms O3' and C3'
-------  .R<DA 14>.A<O3' 32> and .R<C 29>.A<C3' 25>

/opt/homebrew/Caskroom/miniforge/base/envs/mosaics-ff-local/bin/teLeap: Warning!
Close contact of 0.000 angstroms between nonbonded atoms O3' and O3'
-------  .R<DA 14>.A<O3' 32> and .R<C 29>.A<O3' 31>

/opt/homebrew/Caskroom/miniforge/base/envs/mosaics-ff-local/bin/teLeap: Warning!
Close contact of 0.000 angstroms between nonbonded atoms P and P
-------  .R<DA 13>.A<P 1> and .R<U 28>.A<P 1>

/opt/homebrew/Caskroom/miniforge/base/envs/mosaics-ff-local/bin/teLeap: Warning!
Close contact of 1.480 angstroms between nonbonded atoms P and OP1
-------  .R<DA 13>.A<P 1> and .R<U 28>.A<OP1 2>

/opt/homebrew/Caskroom/miniforge/base/envs/mosaics-ff-local/bin/teLeap: Warning!
Close contact of 1.480 angstroms between nonbonded atoms P and OP2
-------  .R<DA 13>.A<P 1> and .R<U 28>.A<OP2 3>

/opt/homebrew/Caskroom/miniforge/base/envs/mosaics-ff-local/bin/teLeap: Warning!
Close contact of 1.480 angstroms between nonbonded atoms OP1 and P
-------  .R<DA 13>.A<OP1 2> and .R<U 28>.A<P 1>

/opt/homebrew/Caskroom/miniforge/base/envs/mosaics-ff-local/bin/teLeap: Warning!
Close contact of 0.000 angstroms between nonbonded atoms OP1 and OP1
-------  .R<DA 13>.A<OP1 2> and .R<U 28>.A<OP1 2>

/opt/homebrew/Caskroom/miniforge/base/envs/mosaics-ff-local/bin/teLeap: Warning!
Close contact of 1.480 angstroms between nonbonded atoms OP2 and P
-------  .R<DA 13>.A<OP2 3> and .R<U 28>.A<P 1>

/opt/homebrew/Caskroom/miniforge/base/envs/mosaics-ff-local/bin/teLeap: Warning!
Close contact of 0.000 angstroms between nonbonded atoms OP2 and OP2
-------  .R<DA 13>.A<OP2 3> and .R<U 28>.A<OP2 3>

/opt/homebrew/Caskroom/miniforge/base/envs/mosaics-ff-local/bin/teLeap: Warning!
Close contact of 0.000 angstroms between nonbonded atoms O5' and O5'
-------  .R<DA 13>.A<O5' 4> and .R<U 28>.A<O5' 4>

/opt/homebrew/Caskroom/miniforge/base/envs/mosaics-ff-local/bin/teLeap: Warning!
Close contact of 1.440 angstroms between nonbonded atoms O5' and C5'
-------  .R<DA 13>.A<O5' 4> and .R<U 28>.A<C5' 5>

/opt/homebrew/Caskroom/miniforge/base/envs/mosaics-ff-local/bin/teLeap: Warning!
Close contact of 1.440 angstroms between nonbonded atoms C5' and O5'
-------  .R<DA 13>.A<C5' 5> and .R<U 28>.A<O5' 4>

/opt/homebrew/Caskroom/miniforge/base/envs/mosaics-ff-local/bin/teLeap: Warning!
Close contact of 0.000 angstroms between nonbonded atoms C5' and C5'
-------  .R<DA 13>.A<C5' 5> and .R<U 28>.A<C5' 5>

/opt/homebrew/Caskroom/miniforge/base/envs/mosaics-ff-local/bin/teLeap: Warning!
Close contact of 1.090 angstroms between nonbonded atoms C5' and H5'
-------  .R<DA 13>.A<C5' 5> and .R<U 28>.A<H5' 6>

/opt/homebrew/Caskroom/miniforge/base/envs/mosaics-ff-local/bin/teLeap: Warning!
Close contact of 1.090 angstroms between nonbonded atoms C5' and H5''
-------  .R<DA 13>.A<C5' 5> and .R<U 28>.A<H5'' 7>

/opt/homebrew/Caskroom/miniforge/base/envs/mosaics-ff-local/bin/teLeap: Warning!
Close contact of 0.014 angstroms between nonbonded atoms H5' and H5''
-------  .R<DA 13>.A<H5' 6> and .R<DA 13>.A<H5'' 7>

/opt/homebrew/Caskroom/miniforge/base/envs/mosaics-ff-local/bin/teLeap: Warning!
Close contact of 1.090 angstroms between nonbonded atoms H5' and C5'
-------  .R<DA 13>.A<H5' 6> and .R<U 28>.A<C5' 5>

/opt/homebrew/Caskroom/miniforge/base/envs/mosaics-ff-local/bin/teLeap: Warning!
Close contact of 0.014 angstroms between nonbonded atoms H5' and H5''
-------  .R<DA 13>.A<H5' 6> and .R<U 28>.A<H5'' 7>

/opt/homebrew/Caskroom/miniforge/base/envs/mosaics-ff-local/bin/teLeap: Warning!
Close contact of 1.090 angstroms between nonbonded atoms H5'' and C5'
-------  .R<DA 13>.A<H5'' 7> and .R<U 28>.A<C5' 5>

/opt/homebrew/Caskroom/miniforge/base/envs/mosaics-ff-local/bin/teLeap: Warning!
Close contact of 0.000 angstroms between nonbonded atoms H5'' and H5''
-------  .R<DA 13>.A<H5'' 7> and .R<U 28>.A<H5'' 7>

/opt/homebrew/Caskroom/miniforge/base/envs/mosaics-ff-local/bin/teLeap: Warning!
Close contact of 0.000 angstroms between nonbonded atoms C4' and C4'
-------  .R<DA 13>.A<C4' 8> and .R<U 28>.A<C4' 8>

/opt/homebrew/Caskroom/miniforge/base/envs/mosaics-ff-local/bin/teLeap: Warning!
Close contact of 1.090 angstroms between nonbonded atoms C4' and H4'
-------  .R<DA 13>.A<C4' 8> and .R<U 28>.A<H4' 9>

/opt/homebrew/Caskroom/miniforge/base/envs/mosaics-ff-local/bin/teLeap: Warning!
Close contact of 1.460 angstroms between nonbonded atoms C4' and O4'
-------  .R<DA 13>.A<C4' 8> and .R<U 28>.A<O4' 10>

/opt/homebrew/Caskroom/miniforge/base/envs/mosaics-ff-local/bin/teLeap: Warning!
Close contact of 1.090 angstroms between nonbonded atoms H4' and C4'
-------  .R<DA 13>.A<H4' 9> and .R<U 28>.A<C4' 8>

/opt/homebrew/Caskroom/miniforge/base/envs/mosaics-ff-local/bin/teLeap: Warning!
Close contact of 0.000 angstroms between nonbonded atoms H4' and H4'
-------  .R<DA 13>.A<H4' 9> and .R<U 28>.A<H4' 9>

/opt/homebrew/Caskroom/miniforge/base/envs/mosaics-ff-local/bin/teLeap: Warning!
Close contact of 1.460 angstroms between nonbonded atoms O4' and C4'
-------  .R<DA 13>.A<O4' 10> and .R<U 28>.A<C4' 8>

/opt/homebrew/Caskroom/miniforge/base/envs/mosaics-ff-local/bin/teLeap: Warning!
Close contact of 0.000 angstroms between nonbonded atoms O4' and O4'
-------  .R<DA 13>.A<O4' 10> and .R<U 28>.A<O4' 10>

/opt/homebrew/Caskroom/miniforge/base/envs/mosaics-ff-local/bin/teLeap: Warning!
Close contact of 1.420 angstroms between nonbonded atoms O4' and C1'
-------  .R<DA 13>.A<O4' 10> and .R<U 28>.A<C1' 11>

/opt/homebrew/Caskroom/miniforge/base/envs/mosaics-ff-local/bin/teLeap: Warning!
Close contact of 1.420 angstroms between nonbonded atoms C1' and O4'
-------  .R<DA 13>.A<C1' 11> and .R<U 28>.A<O4' 10>

/opt/homebrew/Caskroom/miniforge/base/envs/mosaics-ff-local/bin/teLeap: Warning!
Close contact of 0.000 angstroms between nonbonded atoms C1' and C1'
-------  .R<DA 13>.A<C1' 11> and .R<U 28>.A<C1' 11>

/opt/homebrew/Caskroom/miniforge/base/envs/mosaics-ff-local/bin/teLeap: Warning!
Close contact of 1.090 angstroms between nonbonded atoms C1' and H1'
-------  .R<DA 13>.A<C1' 11> and .R<U 28>.A<H1' 12>

/opt/homebrew/Caskroom/miniforge/base/envs/mosaics-ff-local/bin/teLeap: Warning!
Close contact of 1.090 angstroms between nonbonded atoms H1' and C1'
-------  .R<DA 13>.A<H1' 12> and .R<U 28>.A<C1' 11>

/opt/homebrew/Caskroom/miniforge/base/envs/mosaics-ff-local/bin/teLeap: Warning!
Close contact of 0.000 angstroms between nonbonded atoms H1' and H1'
-------  .R<DA 13>.A<H1' 12> and .R<U 28>.A<H1' 12>

/opt/homebrew/Caskroom/miniforge/base/envs/mosaics-ff-local/bin/teLeap: Warning!
Close contact of 0.010 angstroms between nonbonded atoms N9 and N1
-------  .R<DA 13>.A<N9 13> and .R<U 28>.A<N1 13>

/opt/homebrew/Caskroom/miniforge/base/envs/mosaics-ff-local/bin/teLeap: Warning!
Close contact of 1.375 angstroms between nonbonded atoms N9 and C6
-------  .R<DA 13>.A<N9 13> and .R<U 28>.A<C6 14>

/opt/homebrew/Caskroom/miniforge/base/envs/mosaics-ff-local/bin/teLeap: Warning!
Close contact of 1.374 angstroms between nonbonded atoms N9 and C2
-------  .R<DA 13>.A<N9 13> and .R<U 28>.A<C2 22>

/opt/homebrew/Caskroom/miniforge/base/envs/mosaics-ff-local/bin/teLeap: Warning!
Close contact of 1.363 angstroms between nonbonded atoms C8 and N1
-------  .R<DA 13>.A<C8 14> and .R<U 28>.A<N1 13>

/opt/homebrew/Caskroom/miniforge/base/envs/mosaics-ff-local/bin/teLeap: Warning!
Close contact of 0.187 angstroms between nonbonded atoms C8 and C6
-------  .R<DA 13>.A<C8 14> and .R<U 28>.A<C6 14>

/opt/homebrew/Caskroom/miniforge/base/envs/mosaics-ff-local/bin/teLeap: Warning!
Close contact of 1.253 angstroms between nonbonded atoms C8 and H6
-------  .R<DA 13>.A<C8 14> and .R<U 28>.A<H6 15>

/opt/homebrew/Caskroom/miniforge/base/envs/mosaics-ff-local/bin/teLeap: Warning!
Close contact of 1.196 angstroms between nonbonded atoms C8 and C5
-------  .R<DA 13>.A<C8 14> and .R<U 28>.A<C5 16>

/opt/homebrew/Caskroom/miniforge/base/envs/mosaics-ff-local/bin/teLeap: Warning!
Close contact of 0.927 angstroms between nonbonded atoms H8 and C6
-------  .R<DA 13>.A<H8 15> and .R<U 28>.A<C6 14>

/opt/homebrew/Caskroom/miniforge/base/envs/mosaics-ff-local/bin/teLeap: Warning!
Close contact of 0.293 angstroms between nonbonded atoms H8 and H6
-------  .R<DA 13>.A<H8 15> and .R<U 28>.A<H6 15>

/opt/homebrew/Caskroom/miniforge/base/envs/mosaics-ff-local/bin/teLeap: Warning!
Close contact of 1.475 angstroms between nonbonded atoms N7 and C6
-------  .R<DA 13>.A<N7 16> and .R<U 28>.A<C6 14>

/opt/homebrew/Caskroom/miniforge/base/envs/mosaics-ff-local/bin/teLeap: Warning!
Close contact of 0.463 angstroms between nonbonded atoms N7 and C5
-------  .R<DA 13>.A<N7 16> and .R<U 28>.A<C5 16>

/opt/homebrew/Caskroom/miniforge/base/envs/mosaics-ff-local/bin/teLeap: Warning!
Close contact of 1.484 angstroms between nonbonded atoms N7 and H5
-------  .R<DA 13>.A<N7 16> and .R<U 28>.A<H5 17>

/opt/homebrew/Caskroom/miniforge/base/envs/mosaics-ff-local/bin/teLeap: Warning!
Close contact of 1.030 angstroms between nonbonded atoms N7 and C4
-------  .R<DA 13>.A<N7 16> and .R<U 28>.A<C4 18>

/opt/homebrew/Caskroom/miniforge/base/envs/mosaics-ff-local/bin/teLeap: Warning!
Close contact of 0.937 angstroms between nonbonded atoms C5 and C4
-------  .R<DA 13>.A<C5 17> and .R<U 28>.A<C4 18>

/opt/homebrew/Caskroom/miniforge/base/envs/mosaics-ff-local/bin/teLeap: Warning!
Close contact of 0.524 angstroms between nonbonded atoms C5 and N3
-------  .R<DA 13>.A<C5 17> and .R<U 28>.A<N3 20>

/opt/homebrew/Caskroom/miniforge/base/envs/mosaics-ff-local/bin/teLeap: Warning!
Close contact of 1.184 angstroms between nonbonded atoms C6 and N3
-------  .R<DA 13>.A<C6 18> and .R<U 28>.A<N3 20>

/opt/homebrew/Caskroom/miniforge/base/envs/mosaics-ff-local/bin/teLeap: Warning!
Close contact of 0.772 angstroms between nonbonded atoms C6 and H3
-------  .R<DA 13>.A<C6 18> and .R<U 28>.A<H3 21>

/opt/homebrew/Caskroom/miniforge/base/envs/mosaics-ff-local/bin/teLeap: Warning!
Close contact of 1.250 angstroms between nonbonded atoms N6 and O4
-------  .R<DA 13>.A<N6 19> and .R<U 28>.A<O4 19>

/opt/homebrew/Caskroom/miniforge/base/envs/mosaics-ff-local/bin/teLeap: Warning!
Close contact of 0.719 angstroms between nonbonded atoms H62 and O4
-------  .R<DA 13>.A<H62 21> and .R<U 28>.A<O4 19>

/opt/homebrew/Caskroom/miniforge/base/envs/mosaics-ff-local/bin/teLeap: Warning!
Close contact of 0.803 angstroms between nonbonded atoms N1 and H3
-------  .R<DA 13>.A<N1 22> and .R<U 28>.A<H3 21>

/opt/homebrew/Caskroom/miniforge/base/envs/mosaics-ff-local/bin/teLeap: Warning!
Close contact of 1.195 angstroms between nonbonded atoms N3 and C2
-------  .R<DA 13>.A<N3 25> and .R<U 28>.A<C2 22>

/opt/homebrew/Caskroom/miniforge/base/envs/mosaics-ff-local/bin/teLeap: Warning!
Close contact of 0.398 angstroms between nonbonded atoms N3 and O2
-------  .R<DA 13>.A<N3 25> and .R<U 28>.A<O2 23>

/opt/homebrew/Caskroom/miniforge/base/envs/mosaics-ff-local/bin/teLeap: Warning!
Close contact of 1.359 angstroms between nonbonded atoms C4 and N1
-------  .R<DA 13>.A<C4 26> and .R<U 28>.A<N1 13>

/opt/homebrew/Caskroom/miniforge/base/envs/mosaics-ff-local/bin/teLeap: Warning!
Close contact of 1.211 angstroms between nonbonded atoms C4 and N3
-------  .R<DA 13>.A<C4 26> and .R<U 28>.A<N3 20>

/opt/homebrew/Caskroom/miniforge/base/envs/mosaics-ff-local/bin/teLeap: Warning!
Close contact of 0.207 angstroms between nonbonded atoms C4 and C2
-------  .R<DA 13>.A<C4 26> and .R<U 28>.A<C2 22>

/opt/homebrew/Caskroom/miniforge/base/envs/mosaics-ff-local/bin/teLeap: Warning!
Close contact of 1.409 angstroms between nonbonded atoms C4 and O2
-------  .R<DA 13>.A<C4 26> and .R<U 28>.A<O2 23>

/opt/homebrew/Caskroom/miniforge/base/envs/mosaics-ff-local/bin/teLeap: Warning!
Close contact of 0.000 angstroms between nonbonded atoms C3' and C3'
-------  .R<DA 13>.A<C3' 27> and .R<U 28>.A<C3' 24>

/opt/homebrew/Caskroom/miniforge/base/envs/mosaics-ff-local/bin/teLeap: Warning!
Close contact of 1.090 angstroms between nonbonded atoms C3' and H3'
-------  .R<DA 13>.A<C3' 27> and .R<U 28>.A<H3' 25>

/opt/homebrew/Caskroom/miniforge/base/envs/mosaics-ff-local/bin/teLeap: Warning!
Close contact of 1.420 angstroms between nonbonded atoms C3' and O3'
-------  .R<DA 13>.A<C3' 27> and .R<U 28>.A<O3' 30>

/opt/homebrew/Caskroom/miniforge/base/envs/mosaics-ff-local/bin/teLeap: Warning!
Close contact of 1.090 angstroms between nonbonded atoms H3' and C3'
-------  .R<DA 13>.A<H3' 28> and .R<U 28>.A<C3' 24>

/opt/homebrew/Caskroom/miniforge/base/envs/mosaics-ff-local/bin/teLeap: Warning!
Close contact of 0.000 angstroms between nonbonded atoms H3' and H3'
-------  .R<DA 13>.A<H3' 28> and .R<U 28>.A<H3' 25>

/opt/homebrew/Caskroom/miniforge/base/envs/mosaics-ff-local/bin/teLeap: Warning!
Close contact of 1.140 angstroms between nonbonded atoms H3' and H5'
-------  .R<DA 13>.A<H3' 28> and .R<C 29>.A<H5' 6>

/opt/homebrew/Caskroom/miniforge/base/envs/mosaics-ff-local/bin/teLeap: Warning!
Close contact of 0.000 angstroms between nonbonded atoms C2' and C2'
-------  .R<DA 13>.A<C2' 29> and .R<U 28>.A<C2' 26>

/opt/homebrew/Caskroom/miniforge/base/envs/mosaics-ff-local/bin/teLeap: Warning!
Close contact of 1.090 angstroms between nonbonded atoms C2' and H2'
-------  .R<DA 13>.A<C2' 29> and .R<U 28>.A<H2' 27>

/opt/homebrew/Caskroom/miniforge/base/envs/mosaics-ff-local/bin/teLeap: Warning!
Close contact of 1.430 angstroms between nonbonded atoms C2' and O2'
-------  .R<DA 13>.A<C2' 29> and .R<U 28>.A<O2' 28>

/opt/homebrew/Caskroom/miniforge/base/envs/mosaics-ff-local/bin/teLeap: Warning!
Close contact of 1.090 angstroms between nonbonded atoms H2' and C2'
-------  .R<DA 13>.A<H2' 30> and .R<U 28>.A<C2' 26>

/opt/homebrew/Caskroom/miniforge/base/envs/mosaics-ff-local/bin/teLeap: Warning!
Close contact of 0.000 angstroms between nonbonded atoms H2' and H2'
-------  .R<DA 13>.A<H2' 30> and .R<U 28>.A<H2' 27>

/opt/homebrew/Caskroom/miniforge/base/envs/mosaics-ff-local/bin/teLeap: Warning!
Close contact of 1.090 angstroms between nonbonded atoms H2'' and C2'
-------  .R<DA 13>.A<H2'' 31> and .R<U 28>.A<C2' 26>

/opt/homebrew/Caskroom/miniforge/base/envs/mosaics-ff-local/bin/teLeap: Warning!
Close contact of 0.340 angstroms between nonbonded atoms H2'' and O2'
-------  .R<DA 13>.A<H2'' 31> and .R<U 28>.A<O2' 28>

/opt/homebrew/Caskroom/miniforge/base/envs/mosaics-ff-local/bin/teLeap: Warning!
Close contact of 1.108 angstroms between nonbonded atoms H2'' and HO2'
-------  .R<DA 13>.A<H2'' 31> and .R<U 28>.A<HO2' 29>

/opt/homebrew/Caskroom/miniforge/base/envs/mosaics-ff-local/bin/teLeap: Warning!
Close contact of 1.420 angstroms between nonbonded atoms O3' and C3'
-------  .R<DA 13>.A<O3' 32> and .R<U 28>.A<C3' 24>

/opt/homebrew/Caskroom/miniforge/base/envs/mosaics-ff-local/bin/teLeap: Warning!
Close contact of 0.000 angstroms between nonbonded atoms O3' and O3'
-------  .R<DA 13>.A<O3' 32> and .R<U 28>.A<O3' 30>

/opt/homebrew/Caskroom/miniforge/base/envs/mosaics-ff-local/bin/teLeap: Warning!
Close contact of 0.000 angstroms between nonbonded atoms P and P
-------  .R<DG 12>.A<P 1> and .R<C 27>.A<P 1>

/opt/homebrew/Caskroom/miniforge/base/envs/mosaics-ff-local/bin/teLeap: Warning!
Close contact of 1.480 angstroms between nonbonded atoms P and OP1
-------  .R<DG 12>.A<P 1> and .R<C 27>.A<OP1 2>

/opt/homebrew/Caskroom/miniforge/base/envs/mosaics-ff-local/bin/teLeap: Warning!
Close contact of 1.480 angstroms between nonbonded atoms P and OP2
-------  .R<DG 12>.A<P 1> and .R<C 27>.A<OP2 3>

/opt/homebrew/Caskroom/miniforge/base/envs/mosaics-ff-local/bin/teLeap: Warning!
Close contact of 1.480 angstroms between nonbonded atoms OP1 and P
-------  .R<DG 12>.A<OP1 2> and .R<C 27>.A<P 1>

/opt/homebrew/Caskroom/miniforge/base/envs/mosaics-ff-local/bin/teLeap: Warning!
Close contact of 0.000 angstroms between nonbonded atoms OP1 and OP1
-------  .R<DG 12>.A<OP1 2> and .R<C 27>.A<OP1 2>

/opt/homebrew/Caskroom/miniforge/base/envs/mosaics-ff-local/bin/teLeap: Warning!
Close contact of 1.480 angstroms between nonbonded atoms OP2 and P
-------  .R<DG 12>.A<OP2 3> and .R<C 27>.A<P 1>

/opt/homebrew/Caskroom/miniforge/base/envs/mosaics-ff-local/bin/teLeap: Warning!
Close contact of 0.000 angstroms between nonbonded atoms OP2 and OP2
-------  .R<DG 12>.A<OP2 3> and .R<C 27>.A<OP2 3>

/opt/homebrew/Caskroom/miniforge/base/envs/mosaics-ff-local/bin/teLeap: Warning!
Close contact of 0.000 angstroms between nonbonded atoms O5' and O5'
-------  .R<DG 12>.A<O5' 4> and .R<C 27>.A<O5' 4>

/opt/homebrew/Caskroom/miniforge/base/envs/mosaics-ff-local/bin/teLeap: Warning!
Close contact of 1.440 angstroms between nonbonded atoms O5' and C5'
-------  .R<DG 12>.A<O5' 4> and .R<C 27>.A<C5' 5>

/opt/homebrew/Caskroom/miniforge/base/envs/mosaics-ff-local/bin/teLeap: Warning!
Close contact of 1.440 angstroms between nonbonded atoms C5' and O5'
-------  .R<DG 12>.A<C5' 5> and .R<C 27>.A<O5' 4>

/opt/homebrew/Caskroom/miniforge/base/envs/mosaics-ff-local/bin/teLeap: Warning!
Close contact of 0.000 angstroms between nonbonded atoms C5' and C5'
-------  .R<DG 12>.A<C5' 5> and .R<C 27>.A<C5' 5>

/opt/homebrew/Caskroom/miniforge/base/envs/mosaics-ff-local/bin/teLeap: Warning!
Close contact of 1.090 angstroms between nonbonded atoms C5' and H5'
-------  .R<DG 12>.A<C5' 5> and .R<C 27>.A<H5' 6>

/opt/homebrew/Caskroom/miniforge/base/envs/mosaics-ff-local/bin/teLeap: Warning!
Close contact of 1.090 angstroms between nonbonded atoms C5' and H5''
-------  .R<DG 12>.A<C5' 5> and .R<C 27>.A<H5'' 7>

/opt/homebrew/Caskroom/miniforge/base/envs/mosaics-ff-local/bin/teLeap: Warning!
Close contact of 0.583 angstroms between nonbonded atoms H5' and C4'
-------  .R<DG 12>.A<H5' 6> and .R<DG 12>.A<C4' 8>

/opt/homebrew/Caskroom/miniforge/base/envs/mosaics-ff-local/bin/teLeap: Warning!
Close contact of 1.446 angstroms between nonbonded atoms H5' and H4'
-------  .R<DG 12>.A<H5' 6> and .R<DG 12>.A<H4' 9>

/opt/homebrew/Caskroom/miniforge/base/envs/mosaics-ff-local/bin/teLeap: Warning!
Close contact of 1.421 angstroms between nonbonded atoms H5' and O4'
-------  .R<DG 12>.A<H5' 6> and .R<DG 12>.A<O4' 10>

/opt/homebrew/Caskroom/miniforge/base/envs/mosaics-ff-local/bin/teLeap: Warning!
Close contact of 1.090 angstroms between nonbonded atoms H5' and C5'
-------  .R<DG 12>.A<H5' 6> and .R<C 27>.A<C5' 5>

/opt/homebrew/Caskroom/miniforge/base/envs/mosaics-ff-local/bin/teLeap: Warning!
Close contact of 0.583 angstroms between nonbonded atoms H5' and C4'
-------  .R<DG 12>.A<H5' 6> and .R<C 27>.A<C4' 8>

/opt/homebrew/Caskroom/miniforge/base/envs/mosaics-ff-local/bin/teLeap: Warning!
Close contact of 1.446 angstroms between nonbonded atoms H5' and H4'
-------  .R<DG 12>.A<H5' 6> and .R<C 27>.A<H4' 9>

/opt/homebrew/Caskroom/miniforge/base/envs/mosaics-ff-local/bin/teLeap: Warning!
Close contact of 1.421 angstroms between nonbonded atoms H5' and O4'
-------  .R<DG 12>.A<H5' 6> and .R<C 27>.A<O4' 10>

/opt/homebrew/Caskroom/miniforge/base/envs/mosaics-ff-local/bin/teLeap: Warning!
Close contact of 1.090 angstroms between nonbonded atoms H5'' and C5'
-------  .R<DG 12>.A<H5'' 7> and .R<C 27>.A<C5' 5>

/opt/homebrew/Caskroom/miniforge/base/envs/mosaics-ff-local/bin/teLeap: Warning!
Close contact of 0.000 angstroms between nonbonded atoms H5'' and H5''
-------  .R<DG 12>.A<H5'' 7> and .R<C 27>.A<H5'' 7>

/opt/homebrew/Caskroom/miniforge/base/envs/mosaics-ff-local/bin/teLeap: Warning!
Close contact of 0.000 angstroms between nonbonded atoms C4' and C4'
-------  .R<DG 12>.A<C4' 8> and .R<C 27>.A<C4' 8>

/opt/homebrew/Caskroom/miniforge/base/envs/mosaics-ff-local/bin/teLeap: Warning!
Close contact of 1.090 angstroms between nonbonded atoms C4' and H4'
-------  .R<DG 12>.A<C4' 8> and .R<C 27>.A<H4' 9>

/opt/homebrew/Caskroom/miniforge/base/envs/mosaics-ff-local/bin/teLeap: Warning!
Close contact of 1.460 angstroms between nonbonded atoms C4' and O4'
-------  .R<DG 12>.A<C4' 8> and .R<C 27>.A<O4' 10>

/opt/homebrew/Caskroom/miniforge/base/envs/mosaics-ff-local/bin/teLeap: Warning!
Close contact of 1.090 angstroms between nonbonded atoms H4' and C4'
-------  .R<DG 12>.A<H4' 9> and .R<C 27>.A<C4' 8>

/opt/homebrew/Caskroom/miniforge/base/envs/mosaics-ff-local/bin/teLeap: Warning!
Close contact of 0.000 angstroms between nonbonded atoms H4' and H4'
-------  .R<DG 12>.A<H4' 9> and .R<C 27>.A<H4' 9>

/opt/homebrew/Caskroom/miniforge/base/envs/mosaics-ff-local/bin/teLeap: Warning!
Close contact of 1.460 angstroms between nonbonded atoms O4' and C4'
-------  .R<DG 12>.A<O4' 10> and .R<C 27>.A<C4' 8>

/opt/homebrew/Caskroom/miniforge/base/envs/mosaics-ff-local/bin/teLeap: Warning!
Close contact of 0.000 angstroms between nonbonded atoms O4' and O4'
-------  .R<DG 12>.A<O4' 10> and .R<C 27>.A<O4' 10>

/opt/homebrew/Caskroom/miniforge/base/envs/mosaics-ff-local/bin/teLeap: Warning!
Close contact of 1.420 angstroms between nonbonded atoms O4' and C1'
-------  .R<DG 12>.A<O4' 10> and .R<C 27>.A<C1' 11>

/opt/homebrew/Caskroom/miniforge/base/envs/mosaics-ff-local/bin/teLeap: Warning!
Close contact of 1.420 angstroms between nonbonded atoms C1' and O4'
-------  .R<DG 12>.A<C1' 11> and .R<C 27>.A<O4' 10>

/opt/homebrew/Caskroom/miniforge/base/envs/mosaics-ff-local/bin/teLeap: Warning!
Close contact of 0.000 angstroms between nonbonded atoms C1' and C1'
-------  .R<DG 12>.A<C1' 11> and .R<C 27>.A<C1' 11>

/opt/homebrew/Caskroom/miniforge/base/envs/mosaics-ff-local/bin/teLeap: Warning!
Close contact of 1.090 angstroms between nonbonded atoms C1' and H1'
-------  .R<DG 12>.A<C1' 11> and .R<C 27>.A<H1' 12>

/opt/homebrew/Caskroom/miniforge/base/envs/mosaics-ff-local/bin/teLeap: Warning!
Close contact of 1.490 angstroms between nonbonded atoms C1' and N1
-------  .R<DG 12>.A<C1' 11> and .R<C 27>.A<N1 13>

/opt/homebrew/Caskroom/miniforge/base/envs/mosaics-ff-local/bin/teLeap: Warning!
Close contact of 1.090 angstroms between nonbonded atoms H1' and C1'
-------  .R<DG 12>.A<H1' 12> and .R<C 27>.A<C1' 11>

/opt/homebrew/Caskroom/miniforge/base/envs/mosaics-ff-local/bin/teLeap: Warning!
Close contact of 0.000 angstroms between nonbonded atoms H1' and H1'
-------  .R<DG 12>.A<H1' 12> and .R<C 27>.A<H1' 12>

/opt/homebrew/Caskroom/miniforge/base/envs/mosaics-ff-local/bin/teLeap: Warning!
Close contact of 1.490 angstroms between nonbonded atoms N9 and C1'
-------  .R<DG 12>.A<N9 13> and .R<C 27>.A<C1' 11>

/opt/homebrew/Caskroom/miniforge/base/envs/mosaics-ff-local/bin/teLeap: Warning!
Close contact of 0.001 angstroms between nonbonded atoms N9 and N1
-------  .R<DG 12>.A<N9 13> and .R<C 27>.A<N1 13>

/opt/homebrew/Caskroom/miniforge/base/envs/mosaics-ff-local/bin/teLeap: Warning!
Close contact of 1.360 angstroms between nonbonded atoms N9 and C6
-------  .R<DG 12>.A<N9 13> and .R<C 27>.A<C6 14>

/opt/homebrew/Caskroom/miniforge/base/envs/mosaics-ff-local/bin/teLeap: Warning!
Close contact of 1.388 angstroms between nonbonded atoms N9 and C2
-------  .R<DG 12>.A<N9 13> and .R<C 27>.A<C2 23>

/opt/homebrew/Caskroom/miniforge/base/envs/mosaics-ff-local/bin/teLeap: Warning!
Close contact of 1.380 angstroms between nonbonded atoms C8 and N1
-------  .R<DG 12>.A<C8 14> and .R<C 27>.A<N1 13>

/opt/homebrew/Caskroom/miniforge/base/envs/mosaics-ff-local/bin/teLeap: Warning!
Close contact of 0.194 angstroms between nonbonded atoms C8 and C6
-------  .R<DG 12>.A<C8 14> and .R<C 27>.A<C6 14>

/opt/homebrew/Caskroom/miniforge/base/envs/mosaics-ff-local/bin/teLeap: Warning!
Close contact of 1.249 angstroms between nonbonded atoms C8 and H6
-------  .R<DG 12>.A<C8 14> and .R<C 27>.A<H6 15>

/opt/homebrew/Caskroom/miniforge/base/envs/mosaics-ff-local/bin/teLeap: Warning!
Close contact of 1.194 angstroms between nonbonded atoms C8 and C5
-------  .R<DG 12>.A<C8 14> and .R<C 27>.A<C5 16>

/opt/homebrew/Caskroom/miniforge/base/envs/mosaics-ff-local/bin/teLeap: Warning!
Close contact of 0.939 angstroms between nonbonded atoms H8 and C6
-------  .R<DG 12>.A<H8 15> and .R<C 27>.A<C6 14>

/opt/homebrew/Caskroom/miniforge/base/envs/mosaics-ff-local/bin/teLeap: Warning!
Close contact of 0.309 angstroms between nonbonded atoms H8 and H6
-------  .R<DG 12>.A<H8 15> and .R<C 27>.A<H6 15>

/opt/homebrew/Caskroom/miniforge/base/envs/mosaics-ff-local/bin/teLeap: Warning!
Close contact of 1.499 angstroms between nonbonded atoms N7 and C6
-------  .R<DG 12>.A<N7 16> and .R<C 27>.A<C6 14>

/opt/homebrew/Caskroom/miniforge/base/envs/mosaics-ff-local/bin/teLeap: Warning!
Close contact of 0.442 angstroms between nonbonded atoms N7 and C5
-------  .R<DG 12>.A<N7 16> and .R<C 27>.A<C5 16>

/opt/homebrew/Caskroom/miniforge/base/envs/mosaics-ff-local/bin/teLeap: Warning!
Close contact of 1.458 angstroms between nonbonded atoms N7 and H5
-------  .R<DG 12>.A<N7 16> and .R<C 27>.A<H5 17>

/opt/homebrew/Caskroom/miniforge/base/envs/mosaics-ff-local/bin/teLeap: Warning!
Close contact of 1.016 angstroms between nonbonded atoms N7 and C4
-------  .R<DG 12>.A<N7 16> and .R<C 27>.A<C4 18>

/opt/homebrew/Caskroom/miniforge/base/envs/mosaics-ff-local/bin/teLeap: Warning!
Close contact of 0.815 angstroms between nonbonded atoms C5 and C4
-------  .R<DG 12>.A<C5 17> and .R<C 27>.A<C4 18>

/opt/homebrew/Caskroom/miniforge/base/envs/mosaics-ff-local/bin/teLeap: Warning!
Close contact of 0.592 angstroms between nonbonded atoms C5 and N3
-------  .R<DG 12>.A<C5 17> and .R<C 27>.A<N3 22>

/opt/homebrew/Caskroom/miniforge/base/envs/mosaics-ff-local/bin/teLeap: Warning!
Close contact of 1.371 angstroms between nonbonded atoms C6 and H41
-------  .R<DG 12>.A<C6 18> and .R<C 27>.A<H41 20>

/opt/homebrew/Caskroom/miniforge/base/envs/mosaics-ff-local/bin/teLeap: Warning!
Close contact of 1.208 angstroms between nonbonded atoms C6 and N3
-------  .R<DG 12>.A<C6 18> and .R<C 27>.A<N3 22>

/opt/homebrew/Caskroom/miniforge/base/envs/mosaics-ff-local/bin/teLeap: Warning!
Close contact of 1.265 angstroms between nonbonded atoms O6 and N4
-------  .R<DG 12>.A<O6 19> and .R<C 27>.A<N4 19>

/opt/homebrew/Caskroom/miniforge/base/envs/mosaics-ff-local/bin/teLeap: Warning!
Close contact of 0.302 angstroms between nonbonded atoms O6 and H41
-------  .R<DG 12>.A<O6 19> and .R<C 27>.A<H41 20>

/opt/homebrew/Caskroom/miniforge/base/envs/mosaics-ff-local/bin/teLeap: Warning!
Close contact of 1.203 angstroms between nonbonded atoms N3 and C2
-------  .R<DG 12>.A<N3 26> and .R<C 27>.A<C2 23>

/opt/homebrew/Caskroom/miniforge/base/envs/mosaics-ff-local/bin/teLeap: Warning!
Close contact of 0.405 angstroms between nonbonded atoms N3 and O2
-------  .R<DG 12>.A<N3 26> and .R<C 27>.A<O2 24>

/opt/homebrew/Caskroom/miniforge/base/envs/mosaics-ff-local/bin/teLeap: Warning!
Close contact of 1.373 angstroms between nonbonded atoms C4 and N1
-------  .R<DG 12>.A<C4 27> and .R<C 27>.A<N1 13>

/opt/homebrew/Caskroom/miniforge/base/envs/mosaics-ff-local/bin/teLeap: Warning!
Close contact of 1.211 angstroms between nonbonded atoms C4 and N3
-------  .R<DG 12>.A<C4 27> and .R<C 27>.A<N3 22>

/opt/homebrew/Caskroom/miniforge/base/envs/mosaics-ff-local/bin/teLeap: Warning!
Close contact of 0.195 angstroms between nonbonded atoms C4 and C2
-------  .R<DG 12>.A<C4 27> and .R<C 27>.A<C2 23>

/opt/homebrew/Caskroom/miniforge/base/envs/mosaics-ff-local/bin/teLeap: Warning!
Close contact of 1.425 angstroms between nonbonded atoms C4 and O2
-------  .R<DG 12>.A<C4 27> and .R<C 27>.A<O2 24>

/opt/homebrew/Caskroom/miniforge/base/envs/mosaics-ff-local/bin/teLeap: Warning!
Close contact of 0.000 angstroms between nonbonded atoms C3' and C3'
-------  .R<DG 12>.A<C3' 28> and .R<C 27>.A<C3' 25>

/opt/homebrew/Caskroom/miniforge/base/envs/mosaics-ff-local/bin/teLeap: Warning!
Close contact of 1.090 angstroms between nonbonded atoms C3' and H3'
-------  .R<DG 12>.A<C3' 28> and .R<C 27>.A<H3' 26>

/opt/homebrew/Caskroom/miniforge/base/envs/mosaics-ff-local/bin/teLeap: Warning!
Close contact of 1.420 angstroms between nonbonded atoms C3' and O3'
-------  .R<DG 12>.A<C3' 28> and .R<C 27>.A<O3' 31>

/opt/homebrew/Caskroom/miniforge/base/envs/mosaics-ff-local/bin/teLeap: Warning!
Close contact of 1.090 angstroms between nonbonded atoms H3' and C3'
-------  .R<DG 12>.A<H3' 29> and .R<C 27>.A<C3' 25>

/opt/homebrew/Caskroom/miniforge/base/envs/mosaics-ff-local/bin/teLeap: Warning!
Close contact of 0.000 angstroms between nonbonded atoms H3' and H3'
-------  .R<DG 12>.A<H3' 29> and .R<C 27>.A<H3' 26>

/opt/homebrew/Caskroom/miniforge/base/envs/mosaics-ff-local/bin/teLeap: Warning!
Close contact of 1.140 angstroms between nonbonded atoms H3' and H5'
-------  .R<DG 12>.A<H3' 29> and .R<U 28>.A<H5' 6>

/opt/homebrew/Caskroom/miniforge/base/envs/mosaics-ff-local/bin/teLeap: Warning!
Close contact of 0.000 angstroms between nonbonded atoms C2' and C2'
-------  .R<DG 12>.A<C2' 30> and .R<C 27>.A<C2' 27>

/opt/homebrew/Caskroom/miniforge/base/envs/mosaics-ff-local/bin/teLeap: Warning!
Close contact of 1.090 angstroms between nonbonded atoms C2' and H2'
-------  .R<DG 12>.A<C2' 30> and .R<C 27>.A<H2' 28>

/opt/homebrew/Caskroom/miniforge/base/envs/mosaics-ff-local/bin/teLeap: Warning!
Close contact of 1.430 angstroms between nonbonded atoms C2' and O2'
-------  .R<DG 12>.A<C2' 30> and .R<C 27>.A<O2' 29>

/opt/homebrew/Caskroom/miniforge/base/envs/mosaics-ff-local/bin/teLeap: Warning!
Close contact of 1.090 angstroms between nonbonded atoms H2' and C2'
-------  .R<DG 12>.A<H2' 31> and .R<C 27>.A<C2' 27>

/opt/homebrew/Caskroom/miniforge/base/envs/mosaics-ff-local/bin/teLeap: Warning!
Close contact of 0.000 angstroms between nonbonded atoms H2' and H2'
-------  .R<DG 12>.A<H2' 31> and .R<C 27>.A<H2' 28>

/opt/homebrew/Caskroom/miniforge/base/envs/mosaics-ff-local/bin/teLeap: Warning!
Close contact of 1.090 angstroms between nonbonded atoms H2'' and C2'
-------  .R<DG 12>.A<H2'' 32> and .R<C 27>.A<C2' 27>

/opt/homebrew/Caskroom/miniforge/base/envs/mosaics-ff-local/bin/teLeap: Warning!
Close contact of 0.340 angstroms between nonbonded atoms H2'' and O2'
-------  .R<DG 12>.A<H2'' 32> and .R<C 27>.A<O2' 29>

/opt/homebrew/Caskroom/miniforge/base/envs/mosaics-ff-local/bin/teLeap: Warning!
Close contact of 1.108 angstroms between nonbonded atoms H2'' and HO2'
-------  .R<DG 12>.A<H2'' 32> and .R<C 27>.A<HO2' 30>

/opt/homebrew/Caskroom/miniforge/base/envs/mosaics-ff-local/bin/teLeap: Warning!
Close contact of 1.420 angstroms between nonbonded atoms O3' and C3'
-------  .R<DG 12>.A<O3' 33> and .R<C 27>.A<C3' 25>

/opt/homebrew/Caskroom/miniforge/base/envs/mosaics-ff-local/bin/teLeap: Warning!
Close contact of 0.000 angstroms between nonbonded atoms O3' and O3'
-------  .R<DG 12>.A<O3' 33> and .R<C 27>.A<O3' 31>

/opt/homebrew/Caskroom/miniforge/base/envs/mosaics-ff-local/bin/teLeap: Warning!
Close contact of 0.000 angstroms between nonbonded atoms P and P
-------  .R<DA 11>.A<P 1> and .R<U 26>.A<P 1>

/opt/homebrew/Caskroom/miniforge/base/envs/mosaics-ff-local/bin/teLeap: Warning!
Close contact of 1.480 angstroms between nonbonded atoms P and OP1
-------  .R<DA 11>.A<P 1> and .R<U 26>.A<OP1 2>

/opt/homebrew/Caskroom/miniforge/base/envs/mosaics-ff-local/bin/teLeap: Warning!
Close contact of 1.480 angstroms between nonbonded atoms P and OP2
-------  .R<DA 11>.A<P 1> and .R<U 26>.A<OP2 3>

/opt/homebrew/Caskroom/miniforge/base/envs/mosaics-ff-local/bin/teLeap: Warning!
Close contact of 1.480 angstroms between nonbonded atoms OP1 and P
-------  .R<DA 11>.A<OP1 2> and .R<U 26>.A<P 1>

/opt/homebrew/Caskroom/miniforge/base/envs/mosaics-ff-local/bin/teLeap: Warning!
Close contact of 0.000 angstroms between nonbonded atoms OP1 and OP1
-------  .R<DA 11>.A<OP1 2> and .R<U 26>.A<OP1 2>

/opt/homebrew/Caskroom/miniforge/base/envs/mosaics-ff-local/bin/teLeap: Warning!
Close contact of 1.480 angstroms between nonbonded atoms OP2 and P
-------  .R<DA 11>.A<OP2 3> and .R<U 26>.A<P 1>

/opt/homebrew/Caskroom/miniforge/base/envs/mosaics-ff-local/bin/teLeap: Warning!
Close contact of 0.000 angstroms between nonbonded atoms OP2 and OP2
-------  .R<DA 11>.A<OP2 3> and .R<U 26>.A<OP2 3>

/opt/homebrew/Caskroom/miniforge/base/envs/mosaics-ff-local/bin/teLeap: Warning!
Close contact of 0.000 angstroms between nonbonded atoms O5' and O5'
-------  .R<DA 11>.A<O5' 4> and .R<U 26>.A<O5' 4>

/opt/homebrew/Caskroom/miniforge/base/envs/mosaics-ff-local/bin/teLeap: Warning!
Close contact of 1.440 angstroms between nonbonded atoms O5' and C5'
-------  .R<DA 11>.A<O5' 4> and .R<U 26>.A<C5' 5>

/opt/homebrew/Caskroom/miniforge/base/envs/mosaics-ff-local/bin/teLeap: Warning!
Close contact of 1.440 angstroms between nonbonded atoms C5' and O5'
-------  .R<DA 11>.A<C5' 5> and .R<U 26>.A<O5' 4>

/opt/homebrew/Caskroom/miniforge/base/envs/mosaics-ff-local/bin/teLeap: Warning!
Close contact of 0.000 angstroms between nonbonded atoms C5' and C5'
-------  .R<DA 11>.A<C5' 5> and .R<U 26>.A<C5' 5>

/opt/homebrew/Caskroom/miniforge/base/envs/mosaics-ff-local/bin/teLeap: Warning!
Close contact of 1.090 angstroms between nonbonded atoms C5' and H5'
-------  .R<DA 11>.A<C5' 5> and .R<U 26>.A<H5' 6>

/opt/homebrew/Caskroom/miniforge/base/envs/mosaics-ff-local/bin/teLeap: Warning!
Close contact of 1.090 angstroms between nonbonded atoms C5' and H5''
-------  .R<DA 11>.A<C5' 5> and .R<U 26>.A<H5'' 7>

/opt/homebrew/Caskroom/miniforge/base/envs/mosaics-ff-local/bin/teLeap: Warning!
Close contact of 0.501 angstroms between nonbonded atoms H5' and H5''
-------  .R<DA 11>.A<H5' 6> and .R<DA 11>.A<H5'' 7>

/opt/homebrew/Caskroom/miniforge/base/envs/mosaics-ff-local/bin/teLeap: Warning!
Close contact of 1.090 angstroms between nonbonded atoms H5' and C5'
-------  .R<DA 11>.A<H5' 6> and .R<U 26>.A<C5' 5>

/opt/homebrew/Caskroom/miniforge/base/envs/mosaics-ff-local/bin/teLeap: Warning!
Close contact of 0.501 angstroms between nonbonded atoms H5' and H5''
-------  .R<DA 11>.A<H5' 6> and .R<U 26>.A<H5'' 7>

/opt/homebrew/Caskroom/miniforge/base/envs/mosaics-ff-local/bin/teLeap: Warning!
Close contact of 1.090 angstroms between nonbonded atoms H5'' and C5'
-------  .R<DA 11>.A<H5'' 7> and .R<U 26>.A<C5' 5>

/opt/homebrew/Caskroom/miniforge/base/envs/mosaics-ff-local/bin/teLeap: Warning!
Close contact of 0.000 angstroms between nonbonded atoms H5'' and H5''
-------  .R<DA 11>.A<H5'' 7> and .R<U 26>.A<H5'' 7>

/opt/homebrew/Caskroom/miniforge/base/envs/mosaics-ff-local/bin/teLeap: Warning!
Close contact of 0.000 angstroms between nonbonded atoms C4' and C4'
-------  .R<DA 11>.A<C4' 8> and .R<U 26>.A<C4' 8>

/opt/homebrew/Caskroom/miniforge/base/envs/mosaics-ff-local/bin/teLeap: Warning!
Close contact of 1.090 angstroms between nonbonded atoms C4' and H4'
-------  .R<DA 11>.A<C4' 8> and .R<U 26>.A<H4' 9>

/opt/homebrew/Caskroom/miniforge/base/envs/mosaics-ff-local/bin/teLeap: Warning!
Close contact of 1.460 angstroms between nonbonded atoms C4' and O4'
-------  .R<DA 11>.A<C4' 8> and .R<U 26>.A<O4' 10>

/opt/homebrew/Caskroom/miniforge/base/envs/mosaics-ff-local/bin/teLeap: Warning!
Close contact of 1.090 angstroms between nonbonded atoms H4' and C4'
-------  .R<DA 11>.A<H4' 9> and .R<U 26>.A<C4' 8>

/opt/homebrew/Caskroom/miniforge/base/envs/mosaics-ff-local/bin/teLeap: Warning!
Close contact of 0.000 angstroms between nonbonded atoms H4' and H4'
-------  .R<DA 11>.A<H4' 9> and .R<U 26>.A<H4' 9>

/opt/homebrew/Caskroom/miniforge/base/envs/mosaics-ff-local/bin/teLeap: Warning!
Close contact of 1.460 angstroms between nonbonded atoms O4' and C4'
-------  .R<DA 11>.A<O4' 10> and .R<U 26>.A<C4' 8>

/opt/homebrew/Caskroom/miniforge/base/envs/mosaics-ff-local/bin/teLeap: Warning!
Close contact of 0.000 angstroms between nonbonded atoms O4' and O4'
-------  .R<DA 11>.A<O4' 10> and .R<U 26>.A<O4' 10>

/opt/homebrew/Caskroom/miniforge/base/envs/mosaics-ff-local/bin/teLeap: Warning!
Close contact of 1.420 angstroms between nonbonded atoms O4' and C1'
-------  .R<DA 11>.A<O4' 10> and .R<U 26>.A<C1' 11>

/opt/homebrew/Caskroom/miniforge/base/envs/mosaics-ff-local/bin/teLeap: Warning!
Close contact of 1.420 angstroms between nonbonded atoms C1' and O4'
-------  .R<DA 11>.A<C1' 11> and .R<U 26>.A<O4' 10>

/opt/homebrew/Caskroom/miniforge/base/envs/mosaics-ff-local/bin/teLeap: Warning!
Close contact of 0.000 angstroms between nonbonded atoms C1' and C1'
-------  .R<DA 11>.A<C1' 11> and .R<U 26>.A<C1' 11>

/opt/homebrew/Caskroom/miniforge/base/envs/mosaics-ff-local/bin/teLeap: Warning!
Close contact of 1.090 angstroms between nonbonded atoms C1' and H1'
-------  .R<DA 11>.A<C1' 11> and .R<U 26>.A<H1' 12>

/opt/homebrew/Caskroom/miniforge/base/envs/mosaics-ff-local/bin/teLeap: Warning!
Close contact of 1.090 angstroms between nonbonded atoms H1' and C1'
-------  .R<DA 11>.A<H1' 12> and .R<U 26>.A<C1' 11>

/opt/homebrew/Caskroom/miniforge/base/envs/mosaics-ff-local/bin/teLeap: Warning!
Close contact of 0.000 angstroms between nonbonded atoms H1' and H1'
-------  .R<DA 11>.A<H1' 12> and .R<U 26>.A<H1' 12>

/opt/homebrew/Caskroom/miniforge/base/envs/mosaics-ff-local/bin/teLeap: Warning!
Close contact of 0.010 angstroms between nonbonded atoms N9 and N1
-------  .R<DA 11>.A<N9 13> and .R<U 26>.A<N1 13>

/opt/homebrew/Caskroom/miniforge/base/envs/mosaics-ff-local/bin/teLeap: Warning!
Close contact of 1.375 angstroms between nonbonded atoms N9 and C6
-------  .R<DA 11>.A<N9 13> and .R<U 26>.A<C6 14>

/opt/homebrew/Caskroom/miniforge/base/envs/mosaics-ff-local/bin/teLeap: Warning!
Close contact of 1.374 angstroms between nonbonded atoms N9 and C2
-------  .R<DA 11>.A<N9 13> and .R<U 26>.A<C2 22>

/opt/homebrew/Caskroom/miniforge/base/envs/mosaics-ff-local/bin/teLeap: Warning!
Close contact of 1.363 angstroms between nonbonded atoms C8 and N1
-------  .R<DA 11>.A<C8 14> and .R<U 26>.A<N1 13>

/opt/homebrew/Caskroom/miniforge/base/envs/mosaics-ff-local/bin/teLeap: Warning!
Close contact of 0.187 angstroms between nonbonded atoms C8 and C6
-------  .R<DA 11>.A<C8 14> and .R<U 26>.A<C6 14>

/opt/homebrew/Caskroom/miniforge/base/envs/mosaics-ff-local/bin/teLeap: Warning!
Close contact of 1.253 angstroms between nonbonded atoms C8 and H6
-------  .R<DA 11>.A<C8 14> and .R<U 26>.A<H6 15>

/opt/homebrew/Caskroom/miniforge/base/envs/mosaics-ff-local/bin/teLeap: Warning!
Close contact of 1.196 angstroms between nonbonded atoms C8 and C5
-------  .R<DA 11>.A<C8 14> and .R<U 26>.A<C5 16>

/opt/homebrew/Caskroom/miniforge/base/envs/mosaics-ff-local/bin/teLeap: Warning!
Close contact of 0.927 angstroms between nonbonded atoms H8 and C6
-------  .R<DA 11>.A<H8 15> and .R<U 26>.A<C6 14>

/opt/homebrew/Caskroom/miniforge/base/envs/mosaics-ff-local/bin/teLeap: Warning!
Close contact of 0.293 angstroms between nonbonded atoms H8 and H6
-------  .R<DA 11>.A<H8 15> and .R<U 26>.A<H6 15>

/opt/homebrew/Caskroom/miniforge/base/envs/mosaics-ff-local/bin/teLeap: Warning!
Close contact of 1.475 angstroms between nonbonded atoms N7 and C6
-------  .R<DA 11>.A<N7 16> and .R<U 26>.A<C6 14>

/opt/homebrew/Caskroom/miniforge/base/envs/mosaics-ff-local/bin/teLeap: Warning!
Close contact of 0.463 angstroms between nonbonded atoms N7 and C5
-------  .R<DA 11>.A<N7 16> and .R<U 26>.A<C5 16>

/opt/homebrew/Caskroom/miniforge/base/envs/mosaics-ff-local/bin/teLeap: Warning!
Close contact of 1.484 angstroms between nonbonded atoms N7 and H5
-------  .R<DA 11>.A<N7 16> and .R<U 26>.A<H5 17>

/opt/homebrew/Caskroom/miniforge/base/envs/mosaics-ff-local/bin/teLeap: Warning!
Close contact of 1.030 angstroms between nonbonded atoms N7 and C4
-------  .R<DA 11>.A<N7 16> and .R<U 26>.A<C4 18>

/opt/homebrew/Caskroom/miniforge/base/envs/mosaics-ff-local/bin/teLeap: Warning!
Close contact of 0.937 angstroms between nonbonded atoms C5 and C4
-------  .R<DA 11>.A<C5 17> and .R<U 26>.A<C4 18>

/opt/homebrew/Caskroom/miniforge/base/envs/mosaics-ff-local/bin/teLeap: Warning!
Close contact of 0.524 angstroms between nonbonded atoms C5 and N3
-------  .R<DA 11>.A<C5 17> and .R<U 26>.A<N3 20>

/opt/homebrew/Caskroom/miniforge/base/envs/mosaics-ff-local/bin/teLeap: Warning!
Close contact of 1.184 angstroms between nonbonded atoms C6 and N3
-------  .R<DA 11>.A<C6 18> and .R<U 26>.A<N3 20>

/opt/homebrew/Caskroom/miniforge/base/envs/mosaics-ff-local/bin/teLeap: Warning!
Close contact of 0.772 angstroms between nonbonded atoms C6 and H3
-------  .R<DA 11>.A<C6 18> and .R<U 26>.A<H3 21>

/opt/homebrew/Caskroom/miniforge/base/envs/mosaics-ff-local/bin/teLeap: Warning!
Close contact of 1.250 angstroms between nonbonded atoms N6 and O4
-------  .R<DA 11>.A<N6 19> and .R<U 26>.A<O4 19>

/opt/homebrew/Caskroom/miniforge/base/envs/mosaics-ff-local/bin/teLeap: Warning!
Close contact of 0.719 angstroms between nonbonded atoms H62 and O4
-------  .R<DA 11>.A<H62 21> and .R<U 26>.A<O4 19>

/opt/homebrew/Caskroom/miniforge/base/envs/mosaics-ff-local/bin/teLeap: Warning!
Close contact of 0.803 angstroms between nonbonded atoms N1 and H3
-------  .R<DA 11>.A<N1 22> and .R<U 26>.A<H3 21>

/opt/homebrew/Caskroom/miniforge/base/envs/mosaics-ff-local/bin/teLeap: Warning!
Close contact of 1.195 angstroms between nonbonded atoms N3 and C2
-------  .R<DA 11>.A<N3 25> and .R<U 26>.A<C2 22>

/opt/homebrew/Caskroom/miniforge/base/envs/mosaics-ff-local/bin/teLeap: Warning!
Close contact of 0.398 angstroms between nonbonded atoms N3 and O2
-------  .R<DA 11>.A<N3 25> and .R<U 26>.A<O2 23>

/opt/homebrew/Caskroom/miniforge/base/envs/mosaics-ff-local/bin/teLeap: Warning!
Close contact of 1.359 angstroms between nonbonded atoms C4 and N1
-------  .R<DA 11>.A<C4 26> and .R<U 26>.A<N1 13>

/opt/homebrew/Caskroom/miniforge/base/envs/mosaics-ff-local/bin/teLeap: Warning!
Close contact of 1.211 angstroms between nonbonded atoms C4 and N3
-------  .R<DA 11>.A<C4 26> and .R<U 26>.A<N3 20>

/opt/homebrew/Caskroom/miniforge/base/envs/mosaics-ff-local/bin/teLeap: Warning!
Close contact of 0.207 angstroms between nonbonded atoms C4 and C2
-------  .R<DA 11>.A<C4 26> and .R<U 26>.A<C2 22>

/opt/homebrew/Caskroom/miniforge/base/envs/mosaics-ff-local/bin/teLeap: Warning!
Close contact of 1.409 angstroms between nonbonded atoms C4 and O2
-------  .R<DA 11>.A<C4 26> and .R<U 26>.A<O2 23>

/opt/homebrew/Caskroom/miniforge/base/envs/mosaics-ff-local/bin/teLeap: Warning!
Close contact of 0.000 angstroms between nonbonded atoms C3' and C3'
-------  .R<DA 11>.A<C3' 27> and .R<U 26>.A<C3' 24>

/opt/homebrew/Caskroom/miniforge/base/envs/mosaics-ff-local/bin/teLeap: Warning!
Close contact of 1.090 angstroms between nonbonded atoms C3' and H3'
-------  .R<DA 11>.A<C3' 27> and .R<U 26>.A<H3' 25>

/opt/homebrew/Caskroom/miniforge/base/envs/mosaics-ff-local/bin/teLeap: Warning!
Close contact of 1.420 angstroms between nonbonded atoms C3' and O3'
-------  .R<DA 11>.A<C3' 27> and .R<U 26>.A<O3' 30>

/opt/homebrew/Caskroom/miniforge/base/envs/mosaics-ff-local/bin/teLeap: Warning!
Close contact of 1.090 angstroms between nonbonded atoms H3' and C3'
-------  .R<DA 11>.A<H3' 28> and .R<U 26>.A<C3' 24>

/opt/homebrew/Caskroom/miniforge/base/envs/mosaics-ff-local/bin/teLeap: Warning!
Close contact of 0.000 angstroms between nonbonded atoms H3' and H3'
-------  .R<DA 11>.A<H3' 28> and .R<U 26>.A<H3' 25>

/opt/homebrew/Caskroom/miniforge/base/envs/mosaics-ff-local/bin/teLeap: Warning!
Close contact of 1.140 angstroms between nonbonded atoms H3' and H5'
-------  .R<DA 11>.A<H3' 28> and .R<C 27>.A<H5' 6>

/opt/homebrew/Caskroom/miniforge/base/envs/mosaics-ff-local/bin/teLeap: Warning!
Close contact of 0.000 angstroms between nonbonded atoms C2' and C2'
-------  .R<DA 11>.A<C2' 29> and .R<U 26>.A<C2' 26>

/opt/homebrew/Caskroom/miniforge/base/envs/mosaics-ff-local/bin/teLeap: Warning!
Close contact of 1.090 angstroms between nonbonded atoms C2' and H2'
-------  .R<DA 11>.A<C2' 29> and .R<U 26>.A<H2' 27>

/opt/homebrew/Caskroom/miniforge/base/envs/mosaics-ff-local/bin/teLeap: Warning!
Close contact of 1.430 angstroms between nonbonded atoms C2' and O2'
-------  .R<DA 11>.A<C2' 29> and .R<U 26>.A<O2' 28>

/opt/homebrew/Caskroom/miniforge/base/envs/mosaics-ff-local/bin/teLeap: Warning!
Close contact of 1.090 angstroms between nonbonded atoms H2' and C2'
-------  .R<DA 11>.A<H2' 30> and .R<U 26>.A<C2' 26>

/opt/homebrew/Caskroom/miniforge/base/envs/mosaics-ff-local/bin/teLeap: Warning!
Close contact of 0.000 angstroms between nonbonded atoms H2' and H2'
-------  .R<DA 11>.A<H2' 30> and .R<U 26>.A<H2' 27>

/opt/homebrew/Caskroom/miniforge/base/envs/mosaics-ff-local/bin/teLeap: Warning!
Close contact of 1.090 angstroms between nonbonded atoms H2'' and C2'
-------  .R<DA 11>.A<H2'' 31> and .R<U 26>.A<C2' 26>

/opt/homebrew/Caskroom/miniforge/base/envs/mosaics-ff-local/bin/teLeap: Warning!
Close contact of 0.340 angstroms between nonbonded atoms H2'' and O2'
-------  .R<DA 11>.A<H2'' 31> and .R<U 26>.A<O2' 28>

/opt/homebrew/Caskroom/miniforge/base/envs/mosaics-ff-local/bin/teLeap: Warning!
Close contact of 1.108 angstroms between nonbonded atoms H2'' and HO2'
-------  .R<DA 11>.A<H2'' 31> and .R<U 26>.A<HO2' 29>

/opt/homebrew/Caskroom/miniforge/base/envs/mosaics-ff-local/bin/teLeap: Warning!
Close contact of 1.420 angstroms between nonbonded atoms O3' and C3'
-------  .R<DA 11>.A<O3' 32> and .R<U 26>.A<C3' 24>

/opt/homebrew/Caskroom/miniforge/base/envs/mosaics-ff-local/bin/teLeap: Warning!
Close contact of 0.000 angstroms between nonbonded atoms O3' and O3'
-------  .R<DA 11>.A<O3' 32> and .R<U 26>.A<O3' 30>

/opt/homebrew/Caskroom/miniforge/base/envs/mosaics-ff-local/bin/teLeap: Warning!
Close contact of 0.000 angstroms between nonbonded atoms P and P
-------  .R<DG 10>.A<P 1> and .R<C 25>.A<P 1>

/opt/homebrew/Caskroom/miniforge/base/envs/mosaics-ff-local/bin/teLeap: Warning!
Close contact of 1.480 angstroms between nonbonded atoms P and OP1
-------  .R<DG 10>.A<P 1> and .R<C 25>.A<OP1 2>

/opt/homebrew/Caskroom/miniforge/base/envs/mosaics-ff-local/bin/teLeap: Warning!
Close contact of 1.480 angstroms between nonbonded atoms P and OP2
-------  .R<DG 10>.A<P 1> and .R<C 25>.A<OP2 3>

/opt/homebrew/Caskroom/miniforge/base/envs/mosaics-ff-local/bin/teLeap: Warning!
Close contact of 1.480 angstroms between nonbonded atoms OP1 and P
-------  .R<DG 10>.A<OP1 2> and .R<C 25>.A<P 1>

/opt/homebrew/Caskroom/miniforge/base/envs/mosaics-ff-local/bin/teLeap: Warning!
Close contact of 0.000 angstroms between nonbonded atoms OP1 and OP1
-------  .R<DG 10>.A<OP1 2> and .R<C 25>.A<OP1 2>

/opt/homebrew/Caskroom/miniforge/base/envs/mosaics-ff-local/bin/teLeap: Warning!
Close contact of 1.480 angstroms between nonbonded atoms OP2 and P
-------  .R<DG 10>.A<OP2 3> and .R<C 25>.A<P 1>

/opt/homebrew/Caskroom/miniforge/base/envs/mosaics-ff-local/bin/teLeap: Warning!
Close contact of 0.000 angstroms between nonbonded atoms OP2 and OP2
-------  .R<DG 10>.A<OP2 3> and .R<C 25>.A<OP2 3>

/opt/homebrew/Caskroom/miniforge/base/envs/mosaics-ff-local/bin/teLeap: Warning!
Close contact of 0.000 angstroms between nonbonded atoms O5' and O5'
-------  .R<DG 10>.A<O5' 4> and .R<C 25>.A<O5' 4>

/opt/homebrew/Caskroom/miniforge/base/envs/mosaics-ff-local/bin/teLeap: Warning!
Close contact of 1.440 angstroms between nonbonded atoms O5' and C5'
-------  .R<DG 10>.A<O5' 4> and .R<C 25>.A<C5' 5>

/opt/homebrew/Caskroom/miniforge/base/envs/mosaics-ff-local/bin/teLeap: Warning!
Close contact of 1.440 angstroms between nonbonded atoms C5' and O5'
-------  .R<DG 10>.A<C5' 5> and .R<C 25>.A<O5' 4>

/opt/homebrew/Caskroom/miniforge/base/envs/mosaics-ff-local/bin/teLeap: Warning!
Close contact of 0.000 angstroms between nonbonded atoms C5' and C5'
-------  .R<DG 10>.A<C5' 5> and .R<C 25>.A<C5' 5>

/opt/homebrew/Caskroom/miniforge/base/envs/mosaics-ff-local/bin/teLeap: Warning!
Close contact of 1.090 angstroms between nonbonded atoms C5' and H5'
-------  .R<DG 10>.A<C5' 5> and .R<C 25>.A<H5' 6>

/opt/homebrew/Caskroom/miniforge/base/envs/mosaics-ff-local/bin/teLeap: Warning!
Close contact of 1.090 angstroms between nonbonded atoms C5' and H5''
-------  .R<DG 10>.A<C5' 5> and .R<C 25>.A<H5'' 7>

/opt/homebrew/Caskroom/miniforge/base/envs/mosaics-ff-local/bin/teLeap: Warning!
Close contact of 0.991 angstroms between nonbonded atoms H5' and C4'
-------  .R<DG 10>.A<H5' 6> and .R<DG 10>.A<C4' 8>

/opt/homebrew/Caskroom/miniforge/base/envs/mosaics-ff-local/bin/teLeap: Warning!
Close contact of 1.357 angstroms between nonbonded atoms H5' and O4'
-------  .R<DG 10>.A<H5' 6> and .R<DG 10>.A<O4' 10>

/opt/homebrew/Caskroom/miniforge/base/envs/mosaics-ff-local/bin/teLeap: Warning!
Close contact of 1.090 angstroms between nonbonded atoms H5' and C5'
-------  .R<DG 10>.A<H5' 6> and .R<C 25>.A<C5' 5>

/opt/homebrew/Caskroom/miniforge/base/envs/mosaics-ff-local/bin/teLeap: Warning!
Close contact of 1.276 angstroms between nonbonded atoms H5' and H5'
-------  .R<DG 10>.A<H5' 6> and .R<C 25>.A<H5' 6>

/opt/homebrew/Caskroom/miniforge/base/envs/mosaics-ff-local/bin/teLeap: Warning!
Close contact of 0.991 angstroms between nonbonded atoms H5' and C4'
-------  .R<DG 10>.A<H5' 6> and .R<C 25>.A<C4' 8>

/opt/homebrew/Caskroom/miniforge/base/envs/mosaics-ff-local/bin/teLeap: Warning!
Close contact of 1.357 angstroms between nonbonded atoms H5' and O4'
-------  .R<DG 10>.A<H5' 6> and .R<C 25>.A<O4' 10>

/opt/homebrew/Caskroom/miniforge/base/envs/mosaics-ff-local/bin/teLeap: Warning!
Close contact of 1.090 angstroms between nonbonded atoms H5'' and C5'
-------  .R<DG 10>.A<H5'' 7> and .R<C 25>.A<C5' 5>

/opt/homebrew/Caskroom/miniforge/base/envs/mosaics-ff-local/bin/teLeap: Warning!
Close contact of 0.000 angstroms between nonbonded atoms H5'' and H5''
-------  .R<DG 10>.A<H5'' 7> and .R<C 25>.A<H5'' 7>

/opt/homebrew/Caskroom/miniforge/base/envs/mosaics-ff-local/bin/teLeap: Warning!
Close contact of 0.000 angstroms between nonbonded atoms C4' and C4'
-------  .R<DG 10>.A<C4' 8> and .R<C 25>.A<C4' 8>

/opt/homebrew/Caskroom/miniforge/base/envs/mosaics-ff-local/bin/teLeap: Warning!
Close contact of 1.090 angstroms between nonbonded atoms C4' and H4'
-------  .R<DG 10>.A<C4' 8> and .R<C 25>.A<H4' 9>

/opt/homebrew/Caskroom/miniforge/base/envs/mosaics-ff-local/bin/teLeap: Warning!
Close contact of 1.460 angstroms between nonbonded atoms C4' and O4'
-------  .R<DG 10>.A<C4' 8> and .R<C 25>.A<O4' 10>

/opt/homebrew/Caskroom/miniforge/base/envs/mosaics-ff-local/bin/teLeap: Warning!
Close contact of 1.090 angstroms between nonbonded atoms H4' and C4'
-------  .R<DG 10>.A<H4' 9> and .R<C 25>.A<C4' 8>

/opt/homebrew/Caskroom/miniforge/base/envs/mosaics-ff-local/bin/teLeap: Warning!
Close contact of 0.000 angstroms between nonbonded atoms H4' and H4'
-------  .R<DG 10>.A<H4' 9> and .R<C 25>.A<H4' 9>

/opt/homebrew/Caskroom/miniforge/base/envs/mosaics-ff-local/bin/teLeap: Warning!
Close contact of 1.460 angstroms between nonbonded atoms O4' and C4'
-------  .R<DG 10>.A<O4' 10> and .R<C 25>.A<C4' 8>

/opt/homebrew/Caskroom/miniforge/base/envs/mosaics-ff-local/bin/teLeap: Warning!
Close contact of 0.000 angstroms between nonbonded atoms O4' and O4'
-------  .R<DG 10>.A<O4' 10> and .R<C 25>.A<O4' 10>

/opt/homebrew/Caskroom/miniforge/base/envs/mosaics-ff-local/bin/teLeap: Warning!
Close contact of 1.420 angstroms between nonbonded atoms O4' and C1'
-------  .R<DG 10>.A<O4' 10> and .R<C 25>.A<C1' 11>

/opt/homebrew/Caskroom/miniforge/base/envs/mosaics-ff-local/bin/teLeap: Warning!
Close contact of 1.420 angstroms between nonbonded atoms C1' and O4'
-------  .R<DG 10>.A<C1' 11> and .R<C 25>.A<O4' 10>

/opt/homebrew/Caskroom/miniforge/base/envs/mosaics-ff-local/bin/teLeap: Warning!
Close contact of 0.000 angstroms between nonbonded atoms C1' and C1'
-------  .R<DG 10>.A<C1' 11> and .R<C 25>.A<C1' 11>

/opt/homebrew/Caskroom/miniforge/base/envs/mosaics-ff-local/bin/teLeap: Warning!
Close contact of 1.090 angstroms between nonbonded atoms C1' and H1'
-------  .R<DG 10>.A<C1' 11> and .R<C 25>.A<H1' 12>

/opt/homebrew/Caskroom/miniforge/base/envs/mosaics-ff-local/bin/teLeap: Warning!
Close contact of 1.490 angstroms between nonbonded atoms C1' and N1
-------  .R<DG 10>.A<C1' 11> and .R<C 25>.A<N1 13>

/opt/homebrew/Caskroom/miniforge/base/envs/mosaics-ff-local/bin/teLeap: Warning!
Close contact of 1.090 angstroms between nonbonded atoms H1' and C1'
-------  .R<DG 10>.A<H1' 12> and .R<C 25>.A<C1' 11>

/opt/homebrew/Caskroom/miniforge/base/envs/mosaics-ff-local/bin/teLeap: Warning!
Close contact of 0.000 angstroms between nonbonded atoms H1' and H1'
-------  .R<DG 10>.A<H1' 12> and .R<C 25>.A<H1' 12>

/opt/homebrew/Caskroom/miniforge/base/envs/mosaics-ff-local/bin/teLeap: Warning!
Close contact of 1.490 angstroms between nonbonded atoms N9 and C1'
-------  .R<DG 10>.A<N9 13> and .R<C 25>.A<C1' 11>

/opt/homebrew/Caskroom/miniforge/base/envs/mosaics-ff-local/bin/teLeap: Warning!
Close contact of 0.001 angstroms between nonbonded atoms N9 and N1
-------  .R<DG 10>.A<N9 13> and .R<C 25>.A<N1 13>

/opt/homebrew/Caskroom/miniforge/base/envs/mosaics-ff-local/bin/teLeap: Warning!
Close contact of 1.360 angstroms between nonbonded atoms N9 and C6
-------  .R<DG 10>.A<N9 13> and .R<C 25>.A<C6 14>

/opt/homebrew/Caskroom/miniforge/base/envs/mosaics-ff-local/bin/teLeap: Warning!
Close contact of 1.388 angstroms between nonbonded atoms N9 and C2
-------  .R<DG 10>.A<N9 13> and .R<C 25>.A<C2 23>

/opt/homebrew/Caskroom/miniforge/base/envs/mosaics-ff-local/bin/teLeap: Warning!
Close contact of 1.380 angstroms between nonbonded atoms C8 and N1
-------  .R<DG 10>.A<C8 14> and .R<C 25>.A<N1 13>

/opt/homebrew/Caskroom/miniforge/base/envs/mosaics-ff-local/bin/teLeap: Warning!
Close contact of 0.194 angstroms between nonbonded atoms C8 and C6
-------  .R<DG 10>.A<C8 14> and .R<C 25>.A<C6 14>

/opt/homebrew/Caskroom/miniforge/base/envs/mosaics-ff-local/bin/teLeap: Warning!
Close contact of 1.249 angstroms between nonbonded atoms C8 and H6
-------  .R<DG 10>.A<C8 14> and .R<C 25>.A<H6 15>

/opt/homebrew/Caskroom/miniforge/base/envs/mosaics-ff-local/bin/teLeap: Warning!
Close contact of 1.194 angstroms between nonbonded atoms C8 and C5
-------  .R<DG 10>.A<C8 14> and .R<C 25>.A<C5 16>

/opt/homebrew/Caskroom/miniforge/base/envs/mosaics-ff-local/bin/teLeap: Warning!
Close contact of 0.939 angstroms between nonbonded atoms H8 and C6
-------  .R<DG 10>.A<H8 15> and .R<C 25>.A<C6 14>

/opt/homebrew/Caskroom/miniforge/base/envs/mosaics-ff-local/bin/teLeap: Warning!
Close contact of 0.309 angstroms between nonbonded atoms H8 and H6
-------  .R<DG 10>.A<H8 15> and .R<C 25>.A<H6 15>

/opt/homebrew/Caskroom/miniforge/base/envs/mosaics-ff-local/bin/teLeap: Warning!
Close contact of 1.499 angstroms between nonbonded atoms N7 and C6
-------  .R<DG 10>.A<N7 16> and .R<C 25>.A<C6 14>

/opt/homebrew/Caskroom/miniforge/base/envs/mosaics-ff-local/bin/teLeap: Warning!
Close contact of 0.442 angstroms between nonbonded atoms N7 and C5
-------  .R<DG 10>.A<N7 16> and .R<C 25>.A<C5 16>

/opt/homebrew/Caskroom/miniforge/base/envs/mosaics-ff-local/bin/teLeap: Warning!
Close contact of 1.458 angstroms between nonbonded atoms N7 and H5
-------  .R<DG 10>.A<N7 16> and .R<C 25>.A<H5 17>

/opt/homebrew/Caskroom/miniforge/base/envs/mosaics-ff-local/bin/teLeap: Warning!
Close contact of 1.016 angstroms between nonbonded atoms N7 and C4
-------  .R<DG 10>.A<N7 16> and .R<C 25>.A<C4 18>

/opt/homebrew/Caskroom/miniforge/base/envs/mosaics-ff-local/bin/teLeap: Warning!
Close contact of 0.815 angstroms between nonbonded atoms C5 and C4
-------  .R<DG 10>.A<C5 17> and .R<C 25>.A<C4 18>

/opt/homebrew/Caskroom/miniforge/base/envs/mosaics-ff-local/bin/teLeap: Warning!
Close contact of 0.592 angstroms between nonbonded atoms C5 and N3
-------  .R<DG 10>.A<C5 17> and .R<C 25>.A<N3 22>

/opt/homebrew/Caskroom/miniforge/base/envs/mosaics-ff-local/bin/teLeap: Warning!
Close contact of 1.371 angstroms between nonbonded atoms C6 and H41
-------  .R<DG 10>.A<C6 18> and .R<C 25>.A<H41 20>

/opt/homebrew/Caskroom/miniforge/base/envs/mosaics-ff-local/bin/teLeap: Warning!
Close contact of 1.208 angstroms between nonbonded atoms C6 and N3
-------  .R<DG 10>.A<C6 18> and .R<C 25>.A<N3 22>

/opt/homebrew/Caskroom/miniforge/base/envs/mosaics-ff-local/bin/teLeap: Warning!
Close contact of 1.265 angstroms between nonbonded atoms O6 and N4
-------  .R<DG 10>.A<O6 19> and .R<C 25>.A<N4 19>

/opt/homebrew/Caskroom/miniforge/base/envs/mosaics-ff-local/bin/teLeap: Warning!
Close contact of 0.302 angstroms between nonbonded atoms O6 and H41
-------  .R<DG 10>.A<O6 19> and .R<C 25>.A<H41 20>

/opt/homebrew/Caskroom/miniforge/base/envs/mosaics-ff-local/bin/teLeap: Warning!
Close contact of 1.203 angstroms between nonbonded atoms N3 and C2
-------  .R<DG 10>.A<N3 26> and .R<C 25>.A<C2 23>

/opt/homebrew/Caskroom/miniforge/base/envs/mosaics-ff-local/bin/teLeap: Warning!
Close contact of 0.405 angstroms between nonbonded atoms N3 and O2
-------  .R<DG 10>.A<N3 26> and .R<C 25>.A<O2 24>

/opt/homebrew/Caskroom/miniforge/base/envs/mosaics-ff-local/bin/teLeap: Warning!
Close contact of 1.373 angstroms between nonbonded atoms C4 and N1
-------  .R<DG 10>.A<C4 27> and .R<C 25>.A<N1 13>

/opt/homebrew/Caskroom/miniforge/base/envs/mosaics-ff-local/bin/teLeap: Warning!
Close contact of 1.211 angstroms between nonbonded atoms C4 and N3
-------  .R<DG 10>.A<C4 27> and .R<C 25>.A<N3 22>

/opt/homebrew/Caskroom/miniforge/base/envs/mosaics-ff-local/bin/teLeap: Warning!
Close contact of 0.195 angstroms between nonbonded atoms C4 and C2
-------  .R<DG 10>.A<C4 27> and .R<C 25>.A<C2 23>

/opt/homebrew/Caskroom/miniforge/base/envs/mosaics-ff-local/bin/teLeap: Warning!
Close contact of 1.425 angstroms between nonbonded atoms C4 and O2
-------  .R<DG 10>.A<C4 27> and .R<C 25>.A<O2 24>

/opt/homebrew/Caskroom/miniforge/base/envs/mosaics-ff-local/bin/teLeap: Warning!
Close contact of 0.000 angstroms between nonbonded atoms C3' and C3'
-------  .R<DG 10>.A<C3' 28> and .R<C 25>.A<C3' 25>

/opt/homebrew/Caskroom/miniforge/base/envs/mosaics-ff-local/bin/teLeap: Warning!
Close contact of 1.090 angstroms between nonbonded atoms C3' and H3'
-------  .R<DG 10>.A<C3' 28> and .R<C 25>.A<H3' 26>

/opt/homebrew/Caskroom/miniforge/base/envs/mosaics-ff-local/bin/teLeap: Warning!
Close contact of 1.420 angstroms between nonbonded atoms C3' and O3'
-------  .R<DG 10>.A<C3' 28> and .R<C 25>.A<O3' 31>

/opt/homebrew/Caskroom/miniforge/base/envs/mosaics-ff-local/bin/teLeap: Warning!
Close contact of 1.090 angstroms between nonbonded atoms H3' and C3'
-------  .R<DG 10>.A<H3' 29> and .R<C 25>.A<C3' 25>

/opt/homebrew/Caskroom/miniforge/base/envs/mosaics-ff-local/bin/teLeap: Warning!
Close contact of 0.000 angstroms between nonbonded atoms H3' and H3'
-------  .R<DG 10>.A<H3' 29> and .R<C 25>.A<H3' 26>

/opt/homebrew/Caskroom/miniforge/base/envs/mosaics-ff-local/bin/teLeap: Warning!
Close contact of 1.140 angstroms between nonbonded atoms H3' and H5'
-------  .R<DG 10>.A<H3' 29> and .R<U 26>.A<H5' 6>

/opt/homebrew/Caskroom/miniforge/base/envs/mosaics-ff-local/bin/teLeap: Warning!
Close contact of 0.000 angstroms between nonbonded atoms C2' and C2'
-------  .R<DG 10>.A<C2' 30> and .R<C 25>.A<C2' 27>

/opt/homebrew/Caskroom/miniforge/base/envs/mosaics-ff-local/bin/teLeap: Warning!
Close contact of 1.090 angstroms between nonbonded atoms C2' and H2'
-------  .R<DG 10>.A<C2' 30> and .R<C 25>.A<H2' 28>

/opt/homebrew/Caskroom/miniforge/base/envs/mosaics-ff-local/bin/teLeap: Warning!
Close contact of 1.430 angstroms between nonbonded atoms C2' and O2'
-------  .R<DG 10>.A<C2' 30> and .R<C 25>.A<O2' 29>

/opt/homebrew/Caskroom/miniforge/base/envs/mosaics-ff-local/bin/teLeap: Warning!
Close contact of 1.090 angstroms between nonbonded atoms H2' and C2'
-------  .R<DG 10>.A<H2' 31> and .R<C 25>.A<C2' 27>

/opt/homebrew/Caskroom/miniforge/base/envs/mosaics-ff-local/bin/teLeap: Warning!
Close contact of 0.000 angstroms between nonbonded atoms H2' and H2'
-------  .R<DG 10>.A<H2' 31> and .R<C 25>.A<H2' 28>

/opt/homebrew/Caskroom/miniforge/base/envs/mosaics-ff-local/bin/teLeap: Warning!
Close contact of 1.090 angstroms between nonbonded atoms H2'' and C2'
-------  .R<DG 10>.A<H2'' 32> and .R<C 25>.A<C2' 27>

/opt/homebrew/Caskroom/miniforge/base/envs/mosaics-ff-local/bin/teLeap: Warning!
Close contact of 0.340 angstroms between nonbonded atoms H2'' and O2'
-------  .R<DG 10>.A<H2'' 32> and .R<C 25>.A<O2' 29>

/opt/homebrew/Caskroom/miniforge/base/envs/mosaics-ff-local/bin/teLeap: Warning!
Close contact of 1.108 angstroms between nonbonded atoms H2'' and HO2'
-------  .R<DG 10>.A<H2'' 32> and .R<C 25>.A<HO2' 30>

/opt/homebrew/Caskroom/miniforge/base/envs/mosaics-ff-local/bin/teLeap: Warning!
Close contact of 1.420 angstroms between nonbonded atoms O3' and C3'
-------  .R<DG 10>.A<O3' 33> and .R<C 25>.A<C3' 25>

/opt/homebrew/Caskroom/miniforge/base/envs/mosaics-ff-local/bin/teLeap: Warning!
Close contact of 0.000 angstroms between nonbonded atoms O3' and O3'
-------  .R<DG 10>.A<O3' 33> and .R<C 25>.A<O3' 31>

/opt/homebrew/Caskroom/miniforge/base/envs/mosaics-ff-local/bin/teLeap: Warning!
Close contact of 0.000 angstroms between nonbonded atoms P and P
-------  .R<DA 9>.A<P 1> and .R<C 24>.A<P 1>

/opt/homebrew/Caskroom/miniforge/base/envs/mosaics-ff-local/bin/teLeap: Warning!
Close contact of 1.480 angstroms between nonbonded atoms P and OP1
-------  .R<DA 9>.A<P 1> and .R<C 24>.A<OP1 2>

/opt/homebrew/Caskroom/miniforge/base/envs/mosaics-ff-local/bin/teLeap: Warning!
Close contact of 1.480 angstroms between nonbonded atoms P and OP2
-------  .R<DA 9>.A<P 1> and .R<C 24>.A<OP2 3>

/opt/homebrew/Caskroom/miniforge/base/envs/mosaics-ff-local/bin/teLeap: Warning!
Close contact of 1.480 angstroms between nonbonded atoms OP1 and P
-------  .R<DA 9>.A<OP1 2> and .R<C 24>.A<P 1>

/opt/homebrew/Caskroom/miniforge/base/envs/mosaics-ff-local/bin/teLeap: Warning!
Close contact of 0.000 angstroms between nonbonded atoms OP1 and OP1
-------  .R<DA 9>.A<OP1 2> and .R<C 24>.A<OP1 2>

/opt/homebrew/Caskroom/miniforge/base/envs/mosaics-ff-local/bin/teLeap: Warning!
Close contact of 1.480 angstroms between nonbonded atoms OP2 and P
-------  .R<DA 9>.A<OP2 3> and .R<C 24>.A<P 1>

/opt/homebrew/Caskroom/miniforge/base/envs/mosaics-ff-local/bin/teLeap: Warning!
Close contact of 0.000 angstroms between nonbonded atoms OP2 and OP2
-------  .R<DA 9>.A<OP2 3> and .R<C 24>.A<OP2 3>

/opt/homebrew/Caskroom/miniforge/base/envs/mosaics-ff-local/bin/teLeap: Warning!
Close contact of 0.000 angstroms between nonbonded atoms O5' and O5'
-------  .R<DA 9>.A<O5' 4> and .R<C 24>.A<O5' 4>

/opt/homebrew/Caskroom/miniforge/base/envs/mosaics-ff-local/bin/teLeap: Warning!
Close contact of 1.440 angstroms between nonbonded atoms O5' and C5'
-------  .R<DA 9>.A<O5' 4> and .R<C 24>.A<C5' 5>

/opt/homebrew/Caskroom/miniforge/base/envs/mosaics-ff-local/bin/teLeap: Warning!
Close contact of 1.440 angstroms between nonbonded atoms C5' and O5'
-------  .R<DA 9>.A<C5' 5> and .R<C 24>.A<O5' 4>

/opt/homebrew/Caskroom/miniforge/base/envs/mosaics-ff-local/bin/teLeap: Warning!
Close contact of 0.000 angstroms between nonbonded atoms C5' and C5'
-------  .R<DA 9>.A<C5' 5> and .R<C 24>.A<C5' 5>

/opt/homebrew/Caskroom/miniforge/base/envs/mosaics-ff-local/bin/teLeap: Warning!
Close contact of 1.090 angstroms between nonbonded atoms C5' and H5'
-------  .R<DA 9>.A<C5' 5> and .R<C 24>.A<H5' 6>

/opt/homebrew/Caskroom/miniforge/base/envs/mosaics-ff-local/bin/teLeap: Warning!
Close contact of 1.090 angstroms between nonbonded atoms C5' and H5''
-------  .R<DA 9>.A<C5' 5> and .R<C 24>.A<H5'' 7>

/opt/homebrew/Caskroom/miniforge/base/envs/mosaics-ff-local/bin/teLeap: Warning!
Close contact of 1.480 angstroms between nonbonded atoms H5' and H5''
-------  .R<DA 9>.A<H5' 6> and .R<DA 9>.A<H5'' 7>

/opt/homebrew/Caskroom/miniforge/base/envs/mosaics-ff-local/bin/teLeap: Warning!
Close contact of 0.725 angstroms between nonbonded atoms H5' and C4'
-------  .R<DA 9>.A<H5' 6> and .R<DA 9>.A<C4' 8>

/opt/homebrew/Caskroom/miniforge/base/envs/mosaics-ff-local/bin/teLeap: Warning!
Close contact of 1.308 angstroms between nonbonded atoms H5' and H4'
-------  .R<DA 9>.A<H5' 6> and .R<DA 9>.A<H4' 9>

/opt/homebrew/Caskroom/miniforge/base/envs/mosaics-ff-local/bin/teLeap: Warning!
Close contact of 1.090 angstroms between nonbonded atoms H5' and C5'
-------  .R<DA 9>.A<H5' 6> and .R<C 24>.A<C5' 5>

/opt/homebrew/Caskroom/miniforge/base/envs/mosaics-ff-local/bin/teLeap: Warning!
Close contact of 1.480 angstroms between nonbonded atoms H5' and H5''
-------  .R<DA 9>.A<H5' 6> and .R<C 24>.A<H5'' 7>

/opt/homebrew/Caskroom/miniforge/base/envs/mosaics-ff-local/bin/teLeap: Warning!
Close contact of 0.725 angstroms between nonbonded atoms H5' and C4'
-------  .R<DA 9>.A<H5' 6> and .R<C 24>.A<C4' 8>

/opt/homebrew/Caskroom/miniforge/base/envs/mosaics-ff-local/bin/teLeap: Warning!
Close contact of 1.308 angstroms between nonbonded atoms H5' and H4'
-------  .R<DA 9>.A<H5' 6> and .R<C 24>.A<H4' 9>

/opt/homebrew/Caskroom/miniforge/base/envs/mosaics-ff-local/bin/teLeap: Warning!
Close contact of 1.090 angstroms between nonbonded atoms H5'' and C5'
-------  .R<DA 9>.A<H5'' 7> and .R<C 24>.A<C5' 5>

/opt/homebrew/Caskroom/miniforge/base/envs/mosaics-ff-local/bin/teLeap: Warning!
Close contact of 0.000 angstroms between nonbonded atoms H5'' and H5''
-------  .R<DA 9>.A<H5'' 7> and .R<C 24>.A<H5'' 7>

/opt/homebrew/Caskroom/miniforge/base/envs/mosaics-ff-local/bin/teLeap: Warning!
Close contact of 0.000 angstroms between nonbonded atoms C4' and C4'
-------  .R<DA 9>.A<C4' 8> and .R<C 24>.A<C4' 8>

/opt/homebrew/Caskroom/miniforge/base/envs/mosaics-ff-local/bin/teLeap: Warning!
Close contact of 1.090 angstroms between nonbonded atoms C4' and H4'
-------  .R<DA 9>.A<C4' 8> and .R<C 24>.A<H4' 9>

/opt/homebrew/Caskroom/miniforge/base/envs/mosaics-ff-local/bin/teLeap: Warning!
Close contact of 1.460 angstroms between nonbonded atoms C4' and O4'
-------  .R<DA 9>.A<C4' 8> and .R<C 24>.A<O4' 10>

/opt/homebrew/Caskroom/miniforge/base/envs/mosaics-ff-local/bin/teLeap: Warning!
Close contact of 1.090 angstroms between nonbonded atoms H4' and C4'
-------  .R<DA 9>.A<H4' 9> and .R<C 24>.A<C4' 8>

/opt/homebrew/Caskroom/miniforge/base/envs/mosaics-ff-local/bin/teLeap: Warning!
Close contact of 0.000 angstroms between nonbonded atoms H4' and H4'
-------  .R<DA 9>.A<H4' 9> and .R<C 24>.A<H4' 9>

/opt/homebrew/Caskroom/miniforge/base/envs/mosaics-ff-local/bin/teLeap: Warning!
Close contact of 1.460 angstroms between nonbonded atoms O4' and C4'
-------  .R<DA 9>.A<O4' 10> and .R<C 24>.A<C4' 8>

/opt/homebrew/Caskroom/miniforge/base/envs/mosaics-ff-local/bin/teLeap: Warning!
Close contact of 0.000 angstroms between nonbonded atoms O4' and O4'
-------  .R<DA 9>.A<O4' 10> and .R<C 24>.A<O4' 10>

/opt/homebrew/Caskroom/miniforge/base/envs/mosaics-ff-local/bin/teLeap: Warning!
Close contact of 1.420 angstroms between nonbonded atoms O4' and C1'
-------  .R<DA 9>.A<O4' 10> and .R<C 24>.A<C1' 11>

/opt/homebrew/Caskroom/miniforge/base/envs/mosaics-ff-local/bin/teLeap: Warning!
Close contact of 1.420 angstroms between nonbonded atoms C1' and O4'
-------  .R<DA 9>.A<C1' 11> and .R<C 24>.A<O4' 10>

/opt/homebrew/Caskroom/miniforge/base/envs/mosaics-ff-local/bin/teLeap: Warning!
Close contact of 0.000 angstroms between nonbonded atoms C1' and C1'
-------  .R<DA 9>.A<C1' 11> and .R<C 24>.A<C1' 11>

/opt/homebrew/Caskroom/miniforge/base/envs/mosaics-ff-local/bin/teLeap: Warning!
Close contact of 1.090 angstroms between nonbonded atoms C1' and H1'
-------  .R<DA 9>.A<C1' 11> and .R<C 24>.A<H1' 12>

/opt/homebrew/Caskroom/miniforge/base/envs/mosaics-ff-local/bin/teLeap: Warning!
Close contact of 1.490 angstroms between nonbonded atoms C1' and N1
-------  .R<DA 9>.A<C1' 11> and .R<C 24>.A<N1 13>

/opt/homebrew/Caskroom/miniforge/base/envs/mosaics-ff-local/bin/teLeap: Warning!
Close contact of 1.090 angstroms between nonbonded atoms H1' and C1'
-------  .R<DA 9>.A<H1' 12> and .R<C 24>.A<C1' 11>

/opt/homebrew/Caskroom/miniforge/base/envs/mosaics-ff-local/bin/teLeap: Warning!
Close contact of 0.000 angstroms between nonbonded atoms H1' and H1'
-------  .R<DA 9>.A<H1' 12> and .R<C 24>.A<H1' 12>

/opt/homebrew/Caskroom/miniforge/base/envs/mosaics-ff-local/bin/teLeap: Warning!
Close contact of 0.049 angstroms between nonbonded atoms N9 and N1
-------  .R<DA 9>.A<N9 13> and .R<C 24>.A<N1 13>

/opt/homebrew/Caskroom/miniforge/base/envs/mosaics-ff-local/bin/teLeap: Warning!
Close contact of 1.351 angstroms between nonbonded atoms N9 and C6
-------  .R<DA 9>.A<N9 13> and .R<C 24>.A<C6 14>

/opt/homebrew/Caskroom/miniforge/base/envs/mosaics-ff-local/bin/teLeap: Warning!
Close contact of 1.369 angstroms between nonbonded atoms N9 and C2
-------  .R<DA 9>.A<N9 13> and .R<C 24>.A<C2 23>

/opt/homebrew/Caskroom/miniforge/base/envs/mosaics-ff-local/bin/teLeap: Warning!
Close contact of 1.387 angstroms between nonbonded atoms C8 and N1
-------  .R<DA 9>.A<C8 14> and .R<C 24>.A<N1 13>

/opt/homebrew/Caskroom/miniforge/base/envs/mosaics-ff-local/bin/teLeap: Warning!
Close contact of 0.280 angstroms between nonbonded atoms C8 and C6
-------  .R<DA 9>.A<C8 14> and .R<C 24>.A<C6 14>

/opt/homebrew/Caskroom/miniforge/base/envs/mosaics-ff-local/bin/teLeap: Warning!
Close contact of 1.326 angstroms between nonbonded atoms C8 and H6
-------  .R<DA 9>.A<C8 14> and .R<C 24>.A<H6 15>

/opt/homebrew/Caskroom/miniforge/base/envs/mosaics-ff-local/bin/teLeap: Warning!
Close contact of 1.137 angstroms between nonbonded atoms C8 and C5
-------  .R<DA 9>.A<C8 14> and .R<C 24>.A<C5 16>

/opt/homebrew/Caskroom/miniforge/base/envs/mosaics-ff-local/bin/teLeap: Warning!
Close contact of 0.889 angstroms between nonbonded atoms H8 and C6
-------  .R<DA 9>.A<H8 15> and .R<C 24>.A<C6 14>

/opt/homebrew/Caskroom/miniforge/base/envs/mosaics-ff-local/bin/teLeap: Warning!
Close contact of 0.419 angstroms between nonbonded atoms H8 and H6
-------  .R<DA 9>.A<H8 15> and .R<C 24>.A<H6 15>

/opt/homebrew/Caskroom/miniforge/base/envs/mosaics-ff-local/bin/teLeap: Warning!
Close contact of 0.564 angstroms between nonbonded atoms N7 and C5
-------  .R<DA 9>.A<N7 16> and .R<C 24>.A<C5 16>

/opt/homebrew/Caskroom/miniforge/base/envs/mosaics-ff-local/bin/teLeap: Warning!
Close contact of 0.931 angstroms between nonbonded atoms N7 and C4
-------  .R<DA 9>.A<N7 16> and .R<C 24>.A<C4 18>

/opt/homebrew/Caskroom/miniforge/base/envs/mosaics-ff-local/bin/teLeap: Warning!
Close contact of 0.914 angstroms between nonbonded atoms C5 and C4
-------  .R<DA 9>.A<C5 17> and .R<C 24>.A<C4 18>

/opt/homebrew/Caskroom/miniforge/base/envs/mosaics-ff-local/bin/teLeap: Warning!
Close contact of 0.537 angstroms between nonbonded atoms C5 and N3
-------  .R<DA 9>.A<C5 17> and .R<C 24>.A<N3 22>

/opt/homebrew/Caskroom/miniforge/base/envs/mosaics-ff-local/bin/teLeap: Warning!
Close contact of 1.199 angstroms between nonbonded atoms C6 and N3
-------  .R<DA 9>.A<C6 18> and .R<C 24>.A<N3 22>

/opt/homebrew/Caskroom/miniforge/base/envs/mosaics-ff-local/bin/teLeap: Warning!
Close contact of 1.416 angstroms between nonbonded atoms N6 and N4
-------  .R<DA 9>.A<N6 19> and .R<C 24>.A<N4 19>

/opt/homebrew/Caskroom/miniforge/base/envs/mosaics-ff-local/bin/teLeap: Warning!
Close contact of 0.554 angstroms between nonbonded atoms N6 and H41
-------  .R<DA 9>.A<N6 19> and .R<C 24>.A<H41 20>

/opt/homebrew/Caskroom/miniforge/base/envs/mosaics-ff-local/bin/teLeap: Warning!
Close contact of 1.379 angstroms between nonbonded atoms H61 and H41
-------  .R<DA 9>.A<H61 20> and .R<C 24>.A<H41 20>

/opt/homebrew/Caskroom/miniforge/base/envs/mosaics-ff-local/bin/teLeap: Warning!
Close contact of 0.856 angstroms between nonbonded atoms H62 and N4
-------  .R<DA 9>.A<H62 21> and .R<C 24>.A<N4 19>

/opt/homebrew/Caskroom/miniforge/base/envs/mosaics-ff-local/bin/teLeap: Warning!
Close contact of 0.711 angstroms between nonbonded atoms H62 and H41
-------  .R<DA 9>.A<H62 21> and .R<C 24>.A<H41 20>

/opt/homebrew/Caskroom/miniforge/base/envs/mosaics-ff-local/bin/teLeap: Warning!
Close contact of 1.270 angstroms between nonbonded atoms H62 and H42
-------  .R<DA 9>.A<H62 21> and .R<C 24>.A<H42 21>

/opt/homebrew/Caskroom/miniforge/base/envs/mosaics-ff-local/bin/teLeap: Warning!
Close contact of 1.240 angstroms between nonbonded atoms N3 and C2
-------  .R<DA 9>.A<N3 25> and .R<C 24>.A<C2 23>

/opt/homebrew/Caskroom/miniforge/base/envs/mosaics-ff-local/bin/teLeap: Warning!
Close contact of 0.411 angstroms between nonbonded atoms N3 and O2
-------  .R<DA 9>.A<N3 25> and .R<C 24>.A<O2 24>

/opt/homebrew/Caskroom/miniforge/base/envs/mosaics-ff-local/bin/teLeap: Warning!
Close contact of 1.389 angstroms between nonbonded atoms C4 and N1
-------  .R<DA 9>.A<C4 26> and .R<C 24>.A<N1 13>

/opt/homebrew/Caskroom/miniforge/base/envs/mosaics-ff-local/bin/teLeap: Warning!
Close contact of 1.243 angstroms between nonbonded atoms C4 and N3
-------  .R<DA 9>.A<C4 26> and .R<C 24>.A<N3 22>

/opt/homebrew/Caskroom/miniforge/base/envs/mosaics-ff-local/bin/teLeap: Warning!
Close contact of 0.199 angstroms between nonbonded atoms C4 and C2
-------  .R<DA 9>.A<C4 26> and .R<C 24>.A<C2 23>

/opt/homebrew/Caskroom/miniforge/base/envs/mosaics-ff-local/bin/teLeap: Warning!
Close contact of 1.387 angstroms between nonbonded atoms C4 and O2
-------  .R<DA 9>.A<C4 26> and .R<C 24>.A<O2 24>

/opt/homebrew/Caskroom/miniforge/base/envs/mosaics-ff-local/bin/teLeap: Warning!
Close contact of 0.000 angstroms between nonbonded atoms C3' and C3'
-------  .R<DA 9>.A<C3' 27> and .R<C 24>.A<C3' 25>

/opt/homebrew/Caskroom/miniforge/base/envs/mosaics-ff-local/bin/teLeap: Warning!
Close contact of 1.090 angstroms between nonbonded atoms C3' and H3'
-------  .R<DA 9>.A<C3' 27> and .R<C 24>.A<H3' 26>

/opt/homebrew/Caskroom/miniforge/base/envs/mosaics-ff-local/bin/teLeap: Warning!
Close contact of 1.420 angstroms between nonbonded atoms C3' and O3'
-------  .R<DA 9>.A<C3' 27> and .R<C 24>.A<O3' 31>

/opt/homebrew/Caskroom/miniforge/base/envs/mosaics-ff-local/bin/teLeap: Warning!
Close contact of 1.090 angstroms between nonbonded atoms H3' and C3'
-------  .R<DA 9>.A<H3' 28> and .R<C 24>.A<C3' 25>

/opt/homebrew/Caskroom/miniforge/base/envs/mosaics-ff-local/bin/teLeap: Warning!
Close contact of 0.000 angstroms between nonbonded atoms H3' and H3'
-------  .R<DA 9>.A<H3' 28> and .R<C 24>.A<H3' 26>

/opt/homebrew/Caskroom/miniforge/base/envs/mosaics-ff-local/bin/teLeap: Warning!
Close contact of 1.140 angstroms between nonbonded atoms H3' and H5'
-------  .R<DA 9>.A<H3' 28> and .R<C 25>.A<H5' 6>

/opt/homebrew/Caskroom/miniforge/base/envs/mosaics-ff-local/bin/teLeap: Warning!
Close contact of 0.000 angstroms between nonbonded atoms C2' and C2'
-------  .R<DA 9>.A<C2' 29> and .R<C 24>.A<C2' 27>

/opt/homebrew/Caskroom/miniforge/base/envs/mosaics-ff-local/bin/teLeap: Warning!
Close contact of 1.090 angstroms between nonbonded atoms C2' and H2'
-------  .R<DA 9>.A<C2' 29> and .R<C 24>.A<H2' 28>

/opt/homebrew/Caskroom/miniforge/base/envs/mosaics-ff-local/bin/teLeap: Warning!
Close contact of 1.430 angstroms between nonbonded atoms C2' and O2'
-------  .R<DA 9>.A<C2' 29> and .R<C 24>.A<O2' 29>

/opt/homebrew/Caskroom/miniforge/base/envs/mosaics-ff-local/bin/teLeap: Warning!
Close contact of 1.090 angstroms between nonbonded atoms H2' and C2'
-------  .R<DA 9>.A<H2' 30> and .R<C 24>.A<C2' 27>

/opt/homebrew/Caskroom/miniforge/base/envs/mosaics-ff-local/bin/teLeap: Warning!
Close contact of 0.000 angstroms between nonbonded atoms H2' and H2'
-------  .R<DA 9>.A<H2' 30> and .R<C 24>.A<H2' 28>

/opt/homebrew/Caskroom/miniforge/base/envs/mosaics-ff-local/bin/teLeap: Warning!
Close contact of 1.090 angstroms between nonbonded atoms H2'' and C2'
-------  .R<DA 9>.A<H2'' 31> and .R<C 24>.A<C2' 27>

/opt/homebrew/Caskroom/miniforge/base/envs/mosaics-ff-local/bin/teLeap: Warning!
Close contact of 0.340 angstroms between nonbonded atoms H2'' and O2'
-------  .R<DA 9>.A<H2'' 31> and .R<C 24>.A<O2' 29>

/opt/homebrew/Caskroom/miniforge/base/envs/mosaics-ff-local/bin/teLeap: Warning!
Close contact of 1.108 angstroms between nonbonded atoms H2'' and HO2'
-------  .R<DA 9>.A<H2'' 31> and .R<C 24>.A<HO2' 30>

/opt/homebrew/Caskroom/miniforge/base/envs/mosaics-ff-local/bin/teLeap: Warning!
Close contact of 1.420 angstroms between nonbonded atoms O3' and C3'
-------  .R<DA 9>.A<O3' 32> and .R<C 24>.A<C3' 25>

/opt/homebrew/Caskroom/miniforge/base/envs/mosaics-ff-local/bin/teLeap: Warning!
Close contact of 0.000 angstroms between nonbonded atoms O3' and O3'
-------  .R<DA 9>.A<O3' 32> and .R<C 24>.A<O3' 31>

/opt/homebrew/Caskroom/miniforge/base/envs/mosaics-ff-local/bin/teLeap: Warning!
Close contact of 0.000 angstroms between nonbonded atoms P and P
-------  .R<DA 8>.A<P 1> and .R<U 23>.A<P 1>

/opt/homebrew/Caskroom/miniforge/base/envs/mosaics-ff-local/bin/teLeap: Warning!
Close contact of 1.480 angstroms between nonbonded atoms P and OP1
-------  .R<DA 8>.A<P 1> and .R<U 23>.A<OP1 2>

/opt/homebrew/Caskroom/miniforge/base/envs/mosaics-ff-local/bin/teLeap: Warning!
Close contact of 1.480 angstroms between nonbonded atoms P and OP2
-------  .R<DA 8>.A<P 1> and .R<U 23>.A<OP2 3>

/opt/homebrew/Caskroom/miniforge/base/envs/mosaics-ff-local/bin/teLeap: Warning!
Close contact of 1.480 angstroms between nonbonded atoms OP1 and P
-------  .R<DA 8>.A<OP1 2> and .R<U 23>.A<P 1>

/opt/homebrew/Caskroom/miniforge/base/envs/mosaics-ff-local/bin/teLeap: Warning!
Close contact of 0.000 angstroms between nonbonded atoms OP1 and OP1
-------  .R<DA 8>.A<OP1 2> and .R<U 23>.A<OP1 2>

/opt/homebrew/Caskroom/miniforge/base/envs/mosaics-ff-local/bin/teLeap: Warning!
Close contact of 1.480 angstroms between nonbonded atoms OP2 and P
-------  .R<DA 8>.A<OP2 3> and .R<U 23>.A<P 1>

/opt/homebrew/Caskroom/miniforge/base/envs/mosaics-ff-local/bin/teLeap: Warning!
Close contact of 0.000 angstroms between nonbonded atoms OP2 and OP2
-------  .R<DA 8>.A<OP2 3> and .R<U 23>.A<OP2 3>

/opt/homebrew/Caskroom/miniforge/base/envs/mosaics-ff-local/bin/teLeap: Warning!
Close contact of 0.000 angstroms between nonbonded atoms O5' and O5'
-------  .R<DA 8>.A<O5' 4> and .R<U 23>.A<O5' 4>

/opt/homebrew/Caskroom/miniforge/base/envs/mosaics-ff-local/bin/teLeap: Warning!
Close contact of 1.440 angstroms between nonbonded atoms O5' and C5'
-------  .R<DA 8>.A<O5' 4> and .R<U 23>.A<C5' 5>

/opt/homebrew/Caskroom/miniforge/base/envs/mosaics-ff-local/bin/teLeap: Warning!
Close contact of 1.440 angstroms between nonbonded atoms C5' and O5'
-------  .R<DA 8>.A<C5' 5> and .R<U 23>.A<O5' 4>

/opt/homebrew/Caskroom/miniforge/base/envs/mosaics-ff-local/bin/teLeap: Warning!
Close contact of 0.000 angstroms between nonbonded atoms C5' and C5'
-------  .R<DA 8>.A<C5' 5> and .R<U 23>.A<C5' 5>

/opt/homebrew/Caskroom/miniforge/base/envs/mosaics-ff-local/bin/teLeap: Warning!
Close contact of 1.090 angstroms between nonbonded atoms C5' and H5'
-------  .R<DA 8>.A<C5' 5> and .R<U 23>.A<H5' 6>

/opt/homebrew/Caskroom/miniforge/base/envs/mosaics-ff-local/bin/teLeap: Warning!
Close contact of 1.090 angstroms between nonbonded atoms C5' and H5''
-------  .R<DA 8>.A<C5' 5> and .R<U 23>.A<H5'' 7>

/opt/homebrew/Caskroom/miniforge/base/envs/mosaics-ff-local/bin/teLeap: Warning!
Close contact of 0.022 angstroms between nonbonded atoms H5' and H5''
-------  .R<DA 8>.A<H5' 6> and .R<DA 8>.A<H5'' 7>

/opt/homebrew/Caskroom/miniforge/base/envs/mosaics-ff-local/bin/teLeap: Warning!
Close contact of 1.090 angstroms between nonbonded atoms H5' and C5'
-------  .R<DA 8>.A<H5' 6> and .R<U 23>.A<C5' 5>

/opt/homebrew/Caskroom/miniforge/base/envs/mosaics-ff-local/bin/teLeap: Warning!
Close contact of 0.022 angstroms between nonbonded atoms H5' and H5''
-------  .R<DA 8>.A<H5' 6> and .R<U 23>.A<H5'' 7>

/opt/homebrew/Caskroom/miniforge/base/envs/mosaics-ff-local/bin/teLeap: Warning!
Close contact of 1.090 angstroms between nonbonded atoms H5'' and C5'
-------  .R<DA 8>.A<H5'' 7> and .R<U 23>.A<C5' 5>

/opt/homebrew/Caskroom/miniforge/base/envs/mosaics-ff-local/bin/teLeap: Warning!
Close contact of 0.000 angstroms between nonbonded atoms H5'' and H5''
-------  .R<DA 8>.A<H5'' 7> and .R<U 23>.A<H5'' 7>

/opt/homebrew/Caskroom/miniforge/base/envs/mosaics-ff-local/bin/teLeap: Warning!
Close contact of 0.000 angstroms between nonbonded atoms C4' and C4'
-------  .R<DA 8>.A<C4' 8> and .R<U 23>.A<C4' 8>

/opt/homebrew/Caskroom/miniforge/base/envs/mosaics-ff-local/bin/teLeap: Warning!
Close contact of 1.090 angstroms between nonbonded atoms C4' and H4'
-------  .R<DA 8>.A<C4' 8> and .R<U 23>.A<H4' 9>

/opt/homebrew/Caskroom/miniforge/base/envs/mosaics-ff-local/bin/teLeap: Warning!
Close contact of 1.460 angstroms between nonbonded atoms C4' and O4'
-------  .R<DA 8>.A<C4' 8> and .R<U 23>.A<O4' 10>

/opt/homebrew/Caskroom/miniforge/base/envs/mosaics-ff-local/bin/teLeap: Warning!
Close contact of 1.090 angstroms between nonbonded atoms H4' and C4'
-------  .R<DA 8>.A<H4' 9> and .R<U 23>.A<C4' 8>

/opt/homebrew/Caskroom/miniforge/base/envs/mosaics-ff-local/bin/teLeap: Warning!
Close contact of 0.000 angstroms between nonbonded atoms H4' and H4'
-------  .R<DA 8>.A<H4' 9> and .R<U 23>.A<H4' 9>

/opt/homebrew/Caskroom/miniforge/base/envs/mosaics-ff-local/bin/teLeap: Warning!
Close contact of 1.460 angstroms between nonbonded atoms O4' and C4'
-------  .R<DA 8>.A<O4' 10> and .R<U 23>.A<C4' 8>

/opt/homebrew/Caskroom/miniforge/base/envs/mosaics-ff-local/bin/teLeap: Warning!
Close contact of 0.000 angstroms between nonbonded atoms O4' and O4'
-------  .R<DA 8>.A<O4' 10> and .R<U 23>.A<O4' 10>

/opt/homebrew/Caskroom/miniforge/base/envs/mosaics-ff-local/bin/teLeap: Warning!
Close contact of 1.420 angstroms between nonbonded atoms O4' and C1'
-------  .R<DA 8>.A<O4' 10> and .R<U 23>.A<C1' 11>

/opt/homebrew/Caskroom/miniforge/base/envs/mosaics-ff-local/bin/teLeap: Warning!
Close contact of 1.420 angstroms between nonbonded atoms C1' and O4'
-------  .R<DA 8>.A<C1' 11> and .R<U 23>.A<O4' 10>

/opt/homebrew/Caskroom/miniforge/base/envs/mosaics-ff-local/bin/teLeap: Warning!
Close contact of 0.000 angstroms between nonbonded atoms C1' and C1'
-------  .R<DA 8>.A<C1' 11> and .R<U 23>.A<C1' 11>

/opt/homebrew/Caskroom/miniforge/base/envs/mosaics-ff-local/bin/teLeap: Warning!
Close contact of 1.090 angstroms between nonbonded atoms C1' and H1'
-------  .R<DA 8>.A<C1' 11> and .R<U 23>.A<H1' 12>

/opt/homebrew/Caskroom/miniforge/base/envs/mosaics-ff-local/bin/teLeap: Warning!
Close contact of 1.090 angstroms between nonbonded atoms H1' and C1'
-------  .R<DA 8>.A<H1' 12> and .R<U 23>.A<C1' 11>

/opt/homebrew/Caskroom/miniforge/base/envs/mosaics-ff-local/bin/teLeap: Warning!
Close contact of 0.000 angstroms between nonbonded atoms H1' and H1'
-------  .R<DA 8>.A<H1' 12> and .R<U 23>.A<H1' 12>

/opt/homebrew/Caskroom/miniforge/base/envs/mosaics-ff-local/bin/teLeap: Warning!
Close contact of 0.010 angstroms between nonbonded atoms N9 and N1
-------  .R<DA 8>.A<N9 13> and .R<U 23>.A<N1 13>

/opt/homebrew/Caskroom/miniforge/base/envs/mosaics-ff-local/bin/teLeap: Warning!
Close contact of 1.375 angstroms between nonbonded atoms N9 and C6
-------  .R<DA 8>.A<N9 13> and .R<U 23>.A<C6 14>

/opt/homebrew/Caskroom/miniforge/base/envs/mosaics-ff-local/bin/teLeap: Warning!
Close contact of 1.374 angstroms between nonbonded atoms N9 and C2
-------  .R<DA 8>.A<N9 13> and .R<U 23>.A<C2 22>

/opt/homebrew/Caskroom/miniforge/base/envs/mosaics-ff-local/bin/teLeap: Warning!
Close contact of 1.363 angstroms between nonbonded atoms C8 and N1
-------  .R<DA 8>.A<C8 14> and .R<U 23>.A<N1 13>

/opt/homebrew/Caskroom/miniforge/base/envs/mosaics-ff-local/bin/teLeap: Warning!
Close contact of 0.187 angstroms between nonbonded atoms C8 and C6
-------  .R<DA 8>.A<C8 14> and .R<U 23>.A<C6 14>

/opt/homebrew/Caskroom/miniforge/base/envs/mosaics-ff-local/bin/teLeap: Warning!
Close contact of 1.253 angstroms between nonbonded atoms C8 and H6
-------  .R<DA 8>.A<C8 14> and .R<U 23>.A<H6 15>

/opt/homebrew/Caskroom/miniforge/base/envs/mosaics-ff-local/bin/teLeap: Warning!
Close contact of 1.196 angstroms between nonbonded atoms C8 and C5
-------  .R<DA 8>.A<C8 14> and .R<U 23>.A<C5 16>

/opt/homebrew/Caskroom/miniforge/base/envs/mosaics-ff-local/bin/teLeap: Warning!
Close contact of 0.927 angstroms between nonbonded atoms H8 and C6
-------  .R<DA 8>.A<H8 15> and .R<U 23>.A<C6 14>

/opt/homebrew/Caskroom/miniforge/base/envs/mosaics-ff-local/bin/teLeap: Warning!
Close contact of 0.293 angstroms between nonbonded atoms H8 and H6
-------  .R<DA 8>.A<H8 15> and .R<U 23>.A<H6 15>

/opt/homebrew/Caskroom/miniforge/base/envs/mosaics-ff-local/bin/teLeap: Warning!
Close contact of 1.475 angstroms between nonbonded atoms N7 and C6
-------  .R<DA 8>.A<N7 16> and .R<U 23>.A<C6 14>

/opt/homebrew/Caskroom/miniforge/base/envs/mosaics-ff-local/bin/teLeap: Warning!
Close contact of 0.463 angstroms between nonbonded atoms N7 and C5
-------  .R<DA 8>.A<N7 16> and .R<U 23>.A<C5 16>

/opt/homebrew/Caskroom/miniforge/base/envs/mosaics-ff-local/bin/teLeap: Warning!
Close contact of 1.484 angstroms between nonbonded atoms N7 and H5
-------  .R<DA 8>.A<N7 16> and .R<U 23>.A<H5 17>

/opt/homebrew/Caskroom/miniforge/base/envs/mosaics-ff-local/bin/teLeap: Warning!
Close contact of 1.030 angstroms between nonbonded atoms N7 and C4
-------  .R<DA 8>.A<N7 16> and .R<U 23>.A<C4 18>

/opt/homebrew/Caskroom/miniforge/base/envs/mosaics-ff-local/bin/teLeap: Warning!
Close contact of 0.937 angstroms between nonbonded atoms C5 and C4
-------  .R<DA 8>.A<C5 17> and .R<U 23>.A<C4 18>

/opt/homebrew/Caskroom/miniforge/base/envs/mosaics-ff-local/bin/teLeap: Warning!
Close contact of 0.524 angstroms between nonbonded atoms C5 and N3
-------  .R<DA 8>.A<C5 17> and .R<U 23>.A<N3 20>

/opt/homebrew/Caskroom/miniforge/base/envs/mosaics-ff-local/bin/teLeap: Warning!
Close contact of 1.184 angstroms between nonbonded atoms C6 and N3
-------  .R<DA 8>.A<C6 18> and .R<U 23>.A<N3 20>

/opt/homebrew/Caskroom/miniforge/base/envs/mosaics-ff-local/bin/teLeap: Warning!
Close contact of 0.772 angstroms between nonbonded atoms C6 and H3
-------  .R<DA 8>.A<C6 18> and .R<U 23>.A<H3 21>

/opt/homebrew/Caskroom/miniforge/base/envs/mosaics-ff-local/bin/teLeap: Warning!
Close contact of 1.250 angstroms between nonbonded atoms N6 and O4
-------  .R<DA 8>.A<N6 19> and .R<U 23>.A<O4 19>

/opt/homebrew/Caskroom/miniforge/base/envs/mosaics-ff-local/bin/teLeap: Warning!
Close contact of 0.719 angstroms between nonbonded atoms H62 and O4
-------  .R<DA 8>.A<H62 21> and .R<U 23>.A<O4 19>

/opt/homebrew/Caskroom/miniforge/base/envs/mosaics-ff-local/bin/teLeap: Warning!
Close contact of 0.803 angstroms between nonbonded atoms N1 and H3
-------  .R<DA 8>.A<N1 22> and .R<U 23>.A<H3 21>

/opt/homebrew/Caskroom/miniforge/base/envs/mosaics-ff-local/bin/teLeap: Warning!
Close contact of 1.195 angstroms between nonbonded atoms N3 and C2
-------  .R<DA 8>.A<N3 25> and .R<U 23>.A<C2 22>

/opt/homebrew/Caskroom/miniforge/base/envs/mosaics-ff-local/bin/teLeap: Warning!
Close contact of 0.398 angstroms between nonbonded atoms N3 and O2
-------  .R<DA 8>.A<N3 25> and .R<U 23>.A<O2 23>

/opt/homebrew/Caskroom/miniforge/base/envs/mosaics-ff-local/bin/teLeap: Warning!
Close contact of 1.359 angstroms between nonbonded atoms C4 and N1
-------  .R<DA 8>.A<C4 26> and .R<U 23>.A<N1 13>

/opt/homebrew/Caskroom/miniforge/base/envs/mosaics-ff-local/bin/teLeap: Warning!
Close contact of 1.211 angstroms between nonbonded atoms C4 and N3
-------  .R<DA 8>.A<C4 26> and .R<U 23>.A<N3 20>

/opt/homebrew/Caskroom/miniforge/base/envs/mosaics-ff-local/bin/teLeap: Warning!
Close contact of 0.207 angstroms between nonbonded atoms C4 and C2
-------  .R<DA 8>.A<C4 26> and .R<U 23>.A<C2 22>

/opt/homebrew/Caskroom/miniforge/base/envs/mosaics-ff-local/bin/teLeap: Warning!
Close contact of 1.409 angstroms between nonbonded atoms C4 and O2
-------  .R<DA 8>.A<C4 26> and .R<U 23>.A<O2 23>

/opt/homebrew/Caskroom/miniforge/base/envs/mosaics-ff-local/bin/teLeap: Warning!
Close contact of 0.000 angstroms between nonbonded atoms C3' and C3'
-------  .R<DA 8>.A<C3' 27> and .R<U 23>.A<C3' 24>

/opt/homebrew/Caskroom/miniforge/base/envs/mosaics-ff-local/bin/teLeap: Warning!
Close contact of 1.090 angstroms between nonbonded atoms C3' and H3'
-------  .R<DA 8>.A<C3' 27> and .R<U 23>.A<H3' 25>

/opt/homebrew/Caskroom/miniforge/base/envs/mosaics-ff-local/bin/teLeap: Warning!
Close contact of 1.420 angstroms between nonbonded atoms C3' and O3'
-------  .R<DA 8>.A<C3' 27> and .R<U 23>.A<O3' 30>

/opt/homebrew/Caskroom/miniforge/base/envs/mosaics-ff-local/bin/teLeap: Warning!
Close contact of 1.090 angstroms between nonbonded atoms H3' and C3'
-------  .R<DA 8>.A<H3' 28> and .R<U 23>.A<C3' 24>

/opt/homebrew/Caskroom/miniforge/base/envs/mosaics-ff-local/bin/teLeap: Warning!
Close contact of 0.000 angstroms between nonbonded atoms H3' and H3'
-------  .R<DA 8>.A<H3' 28> and .R<U 23>.A<H3' 25>

/opt/homebrew/Caskroom/miniforge/base/envs/mosaics-ff-local/bin/teLeap: Warning!
Close contact of 1.140 angstroms between nonbonded atoms H3' and H5'
-------  .R<DA 8>.A<H3' 28> and .R<C 24>.A<H5' 6>

/opt/homebrew/Caskroom/miniforge/base/envs/mosaics-ff-local/bin/teLeap: Warning!
Close contact of 0.000 angstroms between nonbonded atoms C2' and C2'
-------  .R<DA 8>.A<C2' 29> and .R<U 23>.A<C2' 26>

/opt/homebrew/Caskroom/miniforge/base/envs/mosaics-ff-local/bin/teLeap: Warning!
Close contact of 1.090 angstroms between nonbonded atoms C2' and H2'
-------  .R<DA 8>.A<C2' 29> and .R<U 23>.A<H2' 27>

/opt/homebrew/Caskroom/miniforge/base/envs/mosaics-ff-local/bin/teLeap: Warning!
Close contact of 1.430 angstroms between nonbonded atoms C2' and O2'
-------  .R<DA 8>.A<C2' 29> and .R<U 23>.A<O2' 28>

/opt/homebrew/Caskroom/miniforge/base/envs/mosaics-ff-local/bin/teLeap: Warning!
Close contact of 1.090 angstroms between nonbonded atoms H2' and C2'
-------  .R<DA 8>.A<H2' 30> and .R<U 23>.A<C2' 26>

/opt/homebrew/Caskroom/miniforge/base/envs/mosaics-ff-local/bin/teLeap: Warning!
Close contact of 0.000 angstroms between nonbonded atoms H2' and H2'
-------  .R<DA 8>.A<H2' 30> and .R<U 23>.A<H2' 27>

/opt/homebrew/Caskroom/miniforge/base/envs/mosaics-ff-local/bin/teLeap: Warning!
Close contact of 1.090 angstroms between nonbonded atoms H2'' and C2'
-------  .R<DA 8>.A<H2'' 31> and .R<U 23>.A<C2' 26>

/opt/homebrew/Caskroom/miniforge/base/envs/mosaics-ff-local/bin/teLeap: Warning!
Close contact of 0.340 angstroms between nonbonded atoms H2'' and O2'
-------  .R<DA 8>.A<H2'' 31> and .R<U 23>.A<O2' 28>

/opt/homebrew/Caskroom/miniforge/base/envs/mosaics-ff-local/bin/teLeap: Warning!
Close contact of 1.108 angstroms between nonbonded atoms H2'' and HO2'
-------  .R<DA 8>.A<H2'' 31> and .R<U 23>.A<HO2' 29>

/opt/homebrew/Caskroom/miniforge/base/envs/mosaics-ff-local/bin/teLeap: Warning!
Close contact of 1.420 angstroms between nonbonded atoms O3' and C3'
-------  .R<DA 8>.A<O3' 32> and .R<U 23>.A<C3' 24>

/opt/homebrew/Caskroom/miniforge/base/envs/mosaics-ff-local/bin/teLeap: Warning!
Close contact of 0.000 angstroms between nonbonded atoms O3' and O3'
-------  .R<DA 8>.A<O3' 32> and .R<U 23>.A<O3' 30>

/opt/homebrew/Caskroom/miniforge/base/envs/mosaics-ff-local/bin/teLeap: Warning!
Close contact of 0.000 angstroms between nonbonded atoms P and P
-------  .R<DG 7>.A<P 1> and .R<U 22>.A<P 1>

/opt/homebrew/Caskroom/miniforge/base/envs/mosaics-ff-local/bin/teLeap: Warning!
Close contact of 1.480 angstroms between nonbonded atoms P and OP1
-------  .R<DG 7>.A<P 1> and .R<U 22>.A<OP1 2>

/opt/homebrew/Caskroom/miniforge/base/envs/mosaics-ff-local/bin/teLeap: Warning!
Close contact of 1.480 angstroms between nonbonded atoms P and OP2
-------  .R<DG 7>.A<P 1> and .R<U 22>.A<OP2 3>

/opt/homebrew/Caskroom/miniforge/base/envs/mosaics-ff-local/bin/teLeap: Warning!
Close contact of 1.480 angstroms between nonbonded atoms OP1 and P
-------  .R<DG 7>.A<OP1 2> and .R<U 22>.A<P 1>

/opt/homebrew/Caskroom/miniforge/base/envs/mosaics-ff-local/bin/teLeap: Warning!
Close contact of 0.000 angstroms between nonbonded atoms OP1 and OP1
-------  .R<DG 7>.A<OP1 2> and .R<U 22>.A<OP1 2>

/opt/homebrew/Caskroom/miniforge/base/envs/mosaics-ff-local/bin/teLeap: Warning!
Close contact of 1.480 angstroms between nonbonded atoms OP2 and P
-------  .R<DG 7>.A<OP2 3> and .R<U 22>.A<P 1>

/opt/homebrew/Caskroom/miniforge/base/envs/mosaics-ff-local/bin/teLeap: Warning!
Close contact of 0.000 angstroms between nonbonded atoms OP2 and OP2
-------  .R<DG 7>.A<OP2 3> and .R<U 22>.A<OP2 3>

/opt/homebrew/Caskroom/miniforge/base/envs/mosaics-ff-local/bin/teLeap: Warning!
Close contact of 0.000 angstroms between nonbonded atoms O5' and O5'
-------  .R<DG 7>.A<O5' 4> and .R<U 22>.A<O5' 4>

/opt/homebrew/Caskroom/miniforge/base/envs/mosaics-ff-local/bin/teLeap: Warning!
Close contact of 1.440 angstroms between nonbonded atoms O5' and C5'
-------  .R<DG 7>.A<O5' 4> and .R<U 22>.A<C5' 5>

/opt/homebrew/Caskroom/miniforge/base/envs/mosaics-ff-local/bin/teLeap: Warning!
Close contact of 1.440 angstroms between nonbonded atoms C5' and O5'
-------  .R<DG 7>.A<C5' 5> and .R<U 22>.A<O5' 4>

/opt/homebrew/Caskroom/miniforge/base/envs/mosaics-ff-local/bin/teLeap: Warning!
Close contact of 0.000 angstroms between nonbonded atoms C5' and C5'
-------  .R<DG 7>.A<C5' 5> and .R<U 22>.A<C5' 5>

/opt/homebrew/Caskroom/miniforge/base/envs/mosaics-ff-local/bin/teLeap: Warning!
Close contact of 1.090 angstroms between nonbonded atoms C5' and H5'
-------  .R<DG 7>.A<C5' 5> and .R<U 22>.A<H5' 6>

/opt/homebrew/Caskroom/miniforge/base/envs/mosaics-ff-local/bin/teLeap: Warning!
Close contact of 1.090 angstroms between nonbonded atoms C5' and H5''
-------  .R<DG 7>.A<C5' 5> and .R<U 22>.A<H5'' 7>

/opt/homebrew/Caskroom/miniforge/base/envs/mosaics-ff-local/bin/teLeap: Warning!
Close contact of 0.625 angstroms between nonbonded atoms H5' and C4'
-------  .R<DG 7>.A<H5' 6> and .R<DG 7>.A<C4' 8>

/opt/homebrew/Caskroom/miniforge/base/envs/mosaics-ff-local/bin/teLeap: Warning!
Close contact of 1.476 angstroms between nonbonded atoms H5' and H4'
-------  .R<DG 7>.A<H5' 6> and .R<DG 7>.A<H4' 9>

/opt/homebrew/Caskroom/miniforge/base/envs/mosaics-ff-local/bin/teLeap: Warning!
Close contact of 1.397 angstroms between nonbonded atoms H5' and O4'
-------  .R<DG 7>.A<H5' 6> and .R<DG 7>.A<O4' 10>

/opt/homebrew/Caskroom/miniforge/base/envs/mosaics-ff-local/bin/teLeap: Warning!
Close contact of 1.090 angstroms between nonbonded atoms H5' and C5'
-------  .R<DG 7>.A<H5' 6> and .R<U 22>.A<C5' 5>

/opt/homebrew/Caskroom/miniforge/base/envs/mosaics-ff-local/bin/teLeap: Warning!
Close contact of 0.625 angstroms between nonbonded atoms H5' and C4'
-------  .R<DG 7>.A<H5' 6> and .R<U 22>.A<C4' 8>

/opt/homebrew/Caskroom/miniforge/base/envs/mosaics-ff-local/bin/teLeap: Warning!
Close contact of 1.476 angstroms between nonbonded atoms H5' and H4'
-------  .R<DG 7>.A<H5' 6> and .R<U 22>.A<H4' 9>

/opt/homebrew/Caskroom/miniforge/base/envs/mosaics-ff-local/bin/teLeap: Warning!
Close contact of 1.397 angstroms between nonbonded atoms H5' and O4'
-------  .R<DG 7>.A<H5' 6> and .R<U 22>.A<O4' 10>

/opt/homebrew/Caskroom/miniforge/base/envs/mosaics-ff-local/bin/teLeap: Warning!
Close contact of 1.090 angstroms between nonbonded atoms H5'' and C5'
-------  .R<DG 7>.A<H5'' 7> and .R<U 22>.A<C5' 5>

/opt/homebrew/Caskroom/miniforge/base/envs/mosaics-ff-local/bin/teLeap: Warning!
Close contact of 0.000 angstroms between nonbonded atoms H5'' and H5''
-------  .R<DG 7>.A<H5'' 7> and .R<U 22>.A<H5'' 7>

/opt/homebrew/Caskroom/miniforge/base/envs/mosaics-ff-local/bin/teLeap: Warning!
Close contact of 0.000 angstroms between nonbonded atoms C4' and C4'
-------  .R<DG 7>.A<C4' 8> and .R<U 22>.A<C4' 8>

/opt/homebrew/Caskroom/miniforge/base/envs/mosaics-ff-local/bin/teLeap: Warning!
Close contact of 1.090 angstroms between nonbonded atoms C4' and H4'
-------  .R<DG 7>.A<C4' 8> and .R<U 22>.A<H4' 9>

/opt/homebrew/Caskroom/miniforge/base/envs/mosaics-ff-local/bin/teLeap: Warning!
Close contact of 1.460 angstroms between nonbonded atoms C4' and O4'
-------  .R<DG 7>.A<C4' 8> and .R<U 22>.A<O4' 10>

/opt/homebrew/Caskroom/miniforge/base/envs/mosaics-ff-local/bin/teLeap: Warning!
Close contact of 1.090 angstroms between nonbonded atoms H4' and C4'
-------  .R<DG 7>.A<H4' 9> and .R<U 22>.A<C4' 8>

/opt/homebrew/Caskroom/miniforge/base/envs/mosaics-ff-local/bin/teLeap: Warning!
Close contact of 0.000 angstroms between nonbonded atoms H4' and H4'
-------  .R<DG 7>.A<H4' 9> and .R<U 22>.A<H4' 9>

/opt/homebrew/Caskroom/miniforge/base/envs/mosaics-ff-local/bin/teLeap: Warning!
Close contact of 1.460 angstroms between nonbonded atoms O4' and C4'
-------  .R<DG 7>.A<O4' 10> and .R<U 22>.A<C4' 8>

/opt/homebrew/Caskroom/miniforge/base/envs/mosaics-ff-local/bin/teLeap: Warning!
Close contact of 0.000 angstroms between nonbonded atoms O4' and O4'
-------  .R<DG 7>.A<O4' 10> and .R<U 22>.A<O4' 10>

/opt/homebrew/Caskroom/miniforge/base/envs/mosaics-ff-local/bin/teLeap: Warning!
Close contact of 1.420 angstroms between nonbonded atoms O4' and C1'
-------  .R<DG 7>.A<O4' 10> and .R<U 22>.A<C1' 11>

/opt/homebrew/Caskroom/miniforge/base/envs/mosaics-ff-local/bin/teLeap: Warning!
Close contact of 1.420 angstroms between nonbonded atoms C1' and O4'
-------  .R<DG 7>.A<C1' 11> and .R<U 22>.A<O4' 10>

/opt/homebrew/Caskroom/miniforge/base/envs/mosaics-ff-local/bin/teLeap: Warning!
Close contact of 0.000 angstroms between nonbonded atoms C1' and C1'
-------  .R<DG 7>.A<C1' 11> and .R<U 22>.A<C1' 11>

/opt/homebrew/Caskroom/miniforge/base/envs/mosaics-ff-local/bin/teLeap: Warning!
Close contact of 1.090 angstroms between nonbonded atoms C1' and H1'
-------  .R<DG 7>.A<C1' 11> and .R<U 22>.A<H1' 12>

/opt/homebrew/Caskroom/miniforge/base/envs/mosaics-ff-local/bin/teLeap: Warning!
Close contact of 1.090 angstroms between nonbonded atoms H1' and C1'
-------  .R<DG 7>.A<H1' 12> and .R<U 22>.A<C1' 11>

/opt/homebrew/Caskroom/miniforge/base/envs/mosaics-ff-local/bin/teLeap: Warning!
Close contact of 0.000 angstroms between nonbonded atoms H1' and H1'
-------  .R<DG 7>.A<H1' 12> and .R<U 22>.A<H1' 12>

/opt/homebrew/Caskroom/miniforge/base/envs/mosaics-ff-local/bin/teLeap: Warning!
Close contact of 1.490 angstroms between nonbonded atoms N9 and C1'
-------  .R<DG 7>.A<N9 13> and .R<U 22>.A<C1' 11>

/opt/homebrew/Caskroom/miniforge/base/envs/mosaics-ff-local/bin/teLeap: Warning!
Close contact of 0.057 angstroms between nonbonded atoms N9 and N1
-------  .R<DG 7>.A<N9 13> and .R<U 22>.A<N1 13>

/opt/homebrew/Caskroom/miniforge/base/envs/mosaics-ff-local/bin/teLeap: Warning!
Close contact of 1.388 angstroms between nonbonded atoms N9 and C6
-------  .R<DG 7>.A<N9 13> and .R<U 22>.A<C6 14>

/opt/homebrew/Caskroom/miniforge/base/envs/mosaics-ff-local/bin/teLeap: Warning!
Close contact of 1.395 angstroms between nonbonded atoms N9 and C2
-------  .R<DG 7>.A<N9 13> and .R<U 22>.A<C2 22>

/opt/homebrew/Caskroom/miniforge/base/envs/mosaics-ff-local/bin/teLeap: Warning!
Close contact of 1.361 angstroms between nonbonded atoms C8 and N1
-------  .R<DG 7>.A<C8 14> and .R<U 22>.A<N1 13>

/opt/homebrew/Caskroom/miniforge/base/envs/mosaics-ff-local/bin/teLeap: Warning!
Close contact of 0.123 angstroms between nonbonded atoms C8 and C6
-------  .R<DG 7>.A<C8 14> and .R<U 22>.A<C6 14>

/opt/homebrew/Caskroom/miniforge/base/envs/mosaics-ff-local/bin/teLeap: Warning!
Close contact of 1.181 angstroms between nonbonded atoms C8 and H6
-------  .R<DG 7>.A<C8 14> and .R<U 22>.A<H6 15>

/opt/homebrew/Caskroom/miniforge/base/envs/mosaics-ff-local/bin/teLeap: Warning!
Close contact of 1.264 angstroms between nonbonded atoms C8 and C5
-------  .R<DG 7>.A<C8 14> and .R<U 22>.A<C5 16>

/opt/homebrew/Caskroom/miniforge/base/envs/mosaics-ff-local/bin/teLeap: Warning!
Close contact of 0.989 angstroms between nonbonded atoms H8 and C6
-------  .R<DG 7>.A<H8 15> and .R<U 22>.A<C6 14>

/opt/homebrew/Caskroom/miniforge/base/envs/mosaics-ff-local/bin/teLeap: Warning!
Close contact of 0.191 angstroms between nonbonded atoms H8 and H6
-------  .R<DG 7>.A<H8 15> and .R<U 22>.A<H6 15>

/opt/homebrew/Caskroom/miniforge/base/envs/mosaics-ff-local/bin/teLeap: Warning!
Close contact of 1.409 angstroms between nonbonded atoms N7 and C6
-------  .R<DG 7>.A<N7 16> and .R<U 22>.A<C6 14>

/opt/homebrew/Caskroom/miniforge/base/envs/mosaics-ff-local/bin/teLeap: Warning!
Close contact of 0.397 angstroms between nonbonded atoms N7 and C5
-------  .R<DG 7>.A<N7 16> and .R<U 22>.A<C5 16>

/opt/homebrew/Caskroom/miniforge/base/envs/mosaics-ff-local/bin/teLeap: Warning!
Close contact of 1.420 angstroms between nonbonded atoms N7 and H5
-------  .R<DG 7>.A<N7 16> and .R<U 22>.A<H5 17>

/opt/homebrew/Caskroom/miniforge/base/envs/mosaics-ff-local/bin/teLeap: Warning!
Close contact of 1.147 angstroms between nonbonded atoms N7 and C4
-------  .R<DG 7>.A<N7 16> and .R<U 22>.A<C4 18>

/opt/homebrew/Caskroom/miniforge/base/envs/mosaics-ff-local/bin/teLeap: Warning!
Close contact of 0.897 angstroms between nonbonded atoms C5 and C4
-------  .R<DG 7>.A<C5 17> and .R<U 22>.A<C4 18>

/opt/homebrew/Caskroom/miniforge/base/envs/mosaics-ff-local/bin/teLeap: Warning!
Close contact of 0.650 angstroms between nonbonded atoms C5 and N3
-------  .R<DG 7>.A<C5 17> and .R<U 22>.A<N3 20>

/opt/homebrew/Caskroom/miniforge/base/envs/mosaics-ff-local/bin/teLeap: Warning!
Close contact of 1.499 angstroms between nonbonded atoms C6 and C4
-------  .R<DG 7>.A<C6 18> and .R<U 22>.A<C4 18>

/opt/homebrew/Caskroom/miniforge/base/envs/mosaics-ff-local/bin/teLeap: Warning!
Close contact of 1.248 angstroms between nonbonded atoms C6 and N3
-------  .R<DG 7>.A<C6 18> and .R<U 22>.A<N3 20>

/opt/homebrew/Caskroom/miniforge/base/envs/mosaics-ff-local/bin/teLeap: Warning!
Close contact of 0.989 angstroms between nonbonded atoms C6 and H3
-------  .R<DG 7>.A<C6 18> and .R<U 22>.A<H3 21>

/opt/homebrew/Caskroom/miniforge/base/envs/mosaics-ff-local/bin/teLeap: Warning!
Close contact of 1.191 angstroms between nonbonded atoms O6 and O4
-------  .R<DG 7>.A<O6 19> and .R<U 22>.A<O4 19>

/opt/homebrew/Caskroom/miniforge/base/envs/mosaics-ff-local/bin/teLeap: Warning!
Close contact of 0.757 angstroms between nonbonded atoms N1 and H3
-------  .R<DG 7>.A<N1 20> and .R<U 22>.A<H3 21>

/opt/homebrew/Caskroom/miniforge/base/envs/mosaics-ff-local/bin/teLeap: Warning!
Close contact of 1.171 angstroms between nonbonded atoms N3 and C2
-------  .R<DG 7>.A<N3 26> and .R<U 22>.A<C2 22>

/opt/homebrew/Caskroom/miniforge/base/envs/mosaics-ff-local/bin/teLeap: Warning!
Close contact of 0.427 angstroms between nonbonded atoms N3 and O2
-------  .R<DG 7>.A<N3 26> and .R<U 22>.A<O2 23>

/opt/homebrew/Caskroom/miniforge/base/envs/mosaics-ff-local/bin/teLeap: Warning!
Close contact of 1.346 angstroms between nonbonded atoms C4 and N1
-------  .R<DG 7>.A<C4 27> and .R<U 22>.A<N1 13>

/opt/homebrew/Caskroom/miniforge/base/envs/mosaics-ff-local/bin/teLeap: Warning!
Close contact of 1.201 angstroms between nonbonded atoms C4 and N3
-------  .R<DG 7>.A<C4 27> and .R<U 22>.A<N3 20>

/opt/homebrew/Caskroom/miniforge/base/envs/mosaics-ff-local/bin/teLeap: Warning!
Close contact of 0.271 angstroms between nonbonded atoms C4 and C2
-------  .R<DG 7>.A<C4 27> and .R<U 22>.A<C2 22>

/opt/homebrew/Caskroom/miniforge/base/envs/mosaics-ff-local/bin/teLeap: Warning!
Close contact of 1.456 angstroms between nonbonded atoms C4 and O2
-------  .R<DG 7>.A<C4 27> and .R<U 22>.A<O2 23>

/opt/homebrew/Caskroom/miniforge/base/envs/mosaics-ff-local/bin/teLeap: Warning!
Close contact of 0.000 angstroms between nonbonded atoms C3' and C3'
-------  .R<DG 7>.A<C3' 28> and .R<U 22>.A<C3' 24>

/opt/homebrew/Caskroom/miniforge/base/envs/mosaics-ff-local/bin/teLeap: Warning!
Close contact of 1.090 angstroms between nonbonded atoms C3' and H3'
-------  .R<DG 7>.A<C3' 28> and .R<U 22>.A<H3' 25>

/opt/homebrew/Caskroom/miniforge/base/envs/mosaics-ff-local/bin/teLeap: Warning!
Close contact of 1.420 angstroms between nonbonded atoms C3' and O3'
-------  .R<DG 7>.A<C3' 28> and .R<U 22>.A<O3' 30>

/opt/homebrew/Caskroom/miniforge/base/envs/mosaics-ff-local/bin/teLeap: Warning!
Close contact of 1.090 angstroms between nonbonded atoms H3' and C3'
-------  .R<DG 7>.A<H3' 29> and .R<U 22>.A<C3' 24>

/opt/homebrew/Caskroom/miniforge/base/envs/mosaics-ff-local/bin/teLeap: Warning!
Close contact of 0.000 angstroms between nonbonded atoms H3' and H3'
-------  .R<DG 7>.A<H3' 29> and .R<U 22>.A<H3' 25>

/opt/homebrew/Caskroom/miniforge/base/envs/mosaics-ff-local/bin/teLeap: Warning!
Close contact of 1.140 angstroms between nonbonded atoms H3' and H5'
-------  .R<DG 7>.A<H3' 29> and .R<U 23>.A<H5' 6>

/opt/homebrew/Caskroom/miniforge/base/envs/mosaics-ff-local/bin/teLeap: Warning!
Close contact of 0.000 angstroms between nonbonded atoms C2' and C2'
-------  .R<DG 7>.A<C2' 30> and .R<U 22>.A<C2' 26>

/opt/homebrew/Caskroom/miniforge/base/envs/mosaics-ff-local/bin/teLeap: Warning!
Close contact of 1.090 angstroms between nonbonded atoms C2' and H2'
-------  .R<DG 7>.A<C2' 30> and .R<U 22>.A<H2' 27>

/opt/homebrew/Caskroom/miniforge/base/envs/mosaics-ff-local/bin/teLeap: Warning!
Close contact of 1.430 angstroms between nonbonded atoms C2' and O2'
-------  .R<DG 7>.A<C2' 30> and .R<U 22>.A<O2' 28>

/opt/homebrew/Caskroom/miniforge/base/envs/mosaics-ff-local/bin/teLeap: Warning!
Close contact of 1.090 angstroms between nonbonded atoms H2' and C2'
-------  .R<DG 7>.A<H2' 31> and .R<U 22>.A<C2' 26>

/opt/homebrew/Caskroom/miniforge/base/envs/mosaics-ff-local/bin/teLeap: Warning!
Close contact of 0.000 angstroms between nonbonded atoms H2' and H2'
-------  .R<DG 7>.A<H2' 31> and .R<U 22>.A<H2' 27>

/opt/homebrew/Caskroom/miniforge/base/envs/mosaics-ff-local/bin/teLeap: Warning!
Close contact of 1.090 angstroms between nonbonded atoms H2'' and C2'
-------  .R<DG 7>.A<H2'' 32> and .R<U 22>.A<C2' 26>

/opt/homebrew/Caskroom/miniforge/base/envs/mosaics-ff-local/bin/teLeap: Warning!
Close contact of 0.340 angstroms between nonbonded atoms H2'' and O2'
-------  .R<DG 7>.A<H2'' 32> and .R<U 22>.A<O2' 28>

/opt/homebrew/Caskroom/miniforge/base/envs/mosaics-ff-local/bin/teLeap: Warning!
Close contact of 1.108 angstroms between nonbonded atoms H2'' and HO2'
-------  .R<DG 7>.A<H2'' 32> and .R<U 22>.A<HO2' 29>

/opt/homebrew/Caskroom/miniforge/base/envs/mosaics-ff-local/bin/teLeap: Warning!
Close contact of 1.420 angstroms between nonbonded atoms O3' and C3'
-------  .R<DG 7>.A<O3' 33> and .R<U 22>.A<C3' 24>

/opt/homebrew/Caskroom/miniforge/base/envs/mosaics-ff-local/bin/teLeap: Warning!
Close contact of 0.000 angstroms between nonbonded atoms O3' and O3'
-------  .R<DG 7>.A<O3' 33> and .R<U 22>.A<O3' 30>

/opt/homebrew/Caskroom/miniforge/base/envs/mosaics-ff-local/bin/teLeap: Warning!
Close contact of 0.000 angstroms between nonbonded atoms P and P
-------  .R<DG 6>.A<P 1> and .R<C 21>.A<P 1>

/opt/homebrew/Caskroom/miniforge/base/envs/mosaics-ff-local/bin/teLeap: Warning!
Close contact of 1.480 angstroms between nonbonded atoms P and OP1
-------  .R<DG 6>.A<P 1> and .R<C 21>.A<OP1 2>

/opt/homebrew/Caskroom/miniforge/base/envs/mosaics-ff-local/bin/teLeap: Warning!
Close contact of 1.480 angstroms between nonbonded atoms P and OP2
-------  .R<DG 6>.A<P 1> and .R<C 21>.A<OP2 3>

/opt/homebrew/Caskroom/miniforge/base/envs/mosaics-ff-local/bin/teLeap: Warning!
Close contact of 1.480 angstroms between nonbonded atoms OP1 and P
-------  .R<DG 6>.A<OP1 2> and .R<C 21>.A<P 1>

/opt/homebrew/Caskroom/miniforge/base/envs/mosaics-ff-local/bin/teLeap: Warning!
Close contact of 0.000 angstroms between nonbonded atoms OP1 and OP1
-------  .R<DG 6>.A<OP1 2> and .R<C 21>.A<OP1 2>

/opt/homebrew/Caskroom/miniforge/base/envs/mosaics-ff-local/bin/teLeap: Warning!
Close contact of 1.480 angstroms between nonbonded atoms OP2 and P
-------  .R<DG 6>.A<OP2 3> and .R<C 21>.A<P 1>

/opt/homebrew/Caskroom/miniforge/base/envs/mosaics-ff-local/bin/teLeap: Warning!
Close contact of 0.000 angstroms between nonbonded atoms OP2 and OP2
-------  .R<DG 6>.A<OP2 3> and .R<C 21>.A<OP2 3>

/opt/homebrew/Caskroom/miniforge/base/envs/mosaics-ff-local/bin/teLeap: Warning!
Close contact of 0.000 angstroms between nonbonded atoms O5' and O5'
-------  .R<DG 6>.A<O5' 4> and .R<C 21>.A<O5' 4>

/opt/homebrew/Caskroom/miniforge/base/envs/mosaics-ff-local/bin/teLeap: Warning!
Close contact of 1.440 angstroms between nonbonded atoms O5' and C5'
-------  .R<DG 6>.A<O5' 4> and .R<C 21>.A<C5' 5>

/opt/homebrew/Caskroom/miniforge/base/envs/mosaics-ff-local/bin/teLeap: Warning!
Close contact of 1.440 angstroms between nonbonded atoms C5' and O5'
-------  .R<DG 6>.A<C5' 5> and .R<C 21>.A<O5' 4>

/opt/homebrew/Caskroom/miniforge/base/envs/mosaics-ff-local/bin/teLeap: Warning!
Close contact of 0.000 angstroms between nonbonded atoms C5' and C5'
-------  .R<DG 6>.A<C5' 5> and .R<C 21>.A<C5' 5>

/opt/homebrew/Caskroom/miniforge/base/envs/mosaics-ff-local/bin/teLeap: Warning!
Close contact of 1.090 angstroms between nonbonded atoms C5' and H5'
-------  .R<DG 6>.A<C5' 5> and .R<C 21>.A<H5' 6>

/opt/homebrew/Caskroom/miniforge/base/envs/mosaics-ff-local/bin/teLeap: Warning!
Close contact of 1.090 angstroms between nonbonded atoms C5' and H5''
-------  .R<DG 6>.A<C5' 5> and .R<C 21>.A<H5'' 7>

/opt/homebrew/Caskroom/miniforge/base/envs/mosaics-ff-local/bin/teLeap: Warning!
Close contact of 0.571 angstroms between nonbonded atoms H5' and H5''
-------  .R<DG 6>.A<H5' 6> and .R<DG 6>.A<H5'' 7>

/opt/homebrew/Caskroom/miniforge/base/envs/mosaics-ff-local/bin/teLeap: Warning!
Close contact of 1.090 angstroms between nonbonded atoms H5' and C5'
-------  .R<DG 6>.A<H5' 6> and .R<C 21>.A<C5' 5>

/opt/homebrew/Caskroom/miniforge/base/envs/mosaics-ff-local/bin/teLeap: Warning!
Close contact of 0.571 angstroms between nonbonded atoms H5' and H5''
-------  .R<DG 6>.A<H5' 6> and .R<C 21>.A<H5'' 7>

/opt/homebrew/Caskroom/miniforge/base/envs/mosaics-ff-local/bin/teLeap: Warning!
Close contact of 1.090 angstroms between nonbonded atoms H5'' and C5'
-------  .R<DG 6>.A<H5'' 7> and .R<C 21>.A<C5' 5>

/opt/homebrew/Caskroom/miniforge/base/envs/mosaics-ff-local/bin/teLeap: Warning!
Close contact of 0.000 angstroms between nonbonded atoms H5'' and H5''
-------  .R<DG 6>.A<H5'' 7> and .R<C 21>.A<H5'' 7>

/opt/homebrew/Caskroom/miniforge/base/envs/mosaics-ff-local/bin/teLeap: Warning!
Close contact of 0.000 angstroms between nonbonded atoms C4' and C4'
-------  .R<DG 6>.A<C4' 8> and .R<C 21>.A<C4' 8>

/opt/homebrew/Caskroom/miniforge/base/envs/mosaics-ff-local/bin/teLeap: Warning!
Close contact of 1.090 angstroms between nonbonded atoms C4' and H4'
-------  .R<DG 6>.A<C4' 8> and .R<C 21>.A<H4' 9>

/opt/homebrew/Caskroom/miniforge/base/envs/mosaics-ff-local/bin/teLeap: Warning!
Close contact of 1.460 angstroms between nonbonded atoms C4' and O4'
-------  .R<DG 6>.A<C4' 8> and .R<C 21>.A<O4' 10>

/opt/homebrew/Caskroom/miniforge/base/envs/mosaics-ff-local/bin/teLeap: Warning!
Close contact of 1.090 angstroms between nonbonded atoms H4' and C4'
-------  .R<DG 6>.A<H4' 9> and .R<C 21>.A<C4' 8>

/opt/homebrew/Caskroom/miniforge/base/envs/mosaics-ff-local/bin/teLeap: Warning!
Close contact of 0.000 angstroms between nonbonded atoms H4' and H4'
-------  .R<DG 6>.A<H4' 9> and .R<C 21>.A<H4' 9>

/opt/homebrew/Caskroom/miniforge/base/envs/mosaics-ff-local/bin/teLeap: Warning!
Close contact of 1.460 angstroms between nonbonded atoms O4' and C4'
-------  .R<DG 6>.A<O4' 10> and .R<C 21>.A<C4' 8>

/opt/homebrew/Caskroom/miniforge/base/envs/mosaics-ff-local/bin/teLeap: Warning!
Close contact of 0.000 angstroms between nonbonded atoms O4' and O4'
-------  .R<DG 6>.A<O4' 10> and .R<C 21>.A<O4' 10>

/opt/homebrew/Caskroom/miniforge/base/envs/mosaics-ff-local/bin/teLeap: Warning!
Close contact of 1.420 angstroms between nonbonded atoms O4' and C1'
-------  .R<DG 6>.A<O4' 10> and .R<C 21>.A<C1' 11>

/opt/homebrew/Caskroom/miniforge/base/envs/mosaics-ff-local/bin/teLeap: Warning!
Close contact of 1.420 angstroms between nonbonded atoms C1' and O4'
-------  .R<DG 6>.A<C1' 11> and .R<C 21>.A<O4' 10>

/opt/homebrew/Caskroom/miniforge/base/envs/mosaics-ff-local/bin/teLeap: Warning!
Close contact of 0.000 angstroms between nonbonded atoms C1' and C1'
-------  .R<DG 6>.A<C1' 11> and .R<C 21>.A<C1' 11>

/opt/homebrew/Caskroom/miniforge/base/envs/mosaics-ff-local/bin/teLeap: Warning!
Close contact of 1.090 angstroms between nonbonded atoms C1' and H1'
-------  .R<DG 6>.A<C1' 11> and .R<C 21>.A<H1' 12>

/opt/homebrew/Caskroom/miniforge/base/envs/mosaics-ff-local/bin/teLeap: Warning!
Close contact of 1.490 angstroms between nonbonded atoms C1' and N1
-------  .R<DG 6>.A<C1' 11> and .R<C 21>.A<N1 13>

/opt/homebrew/Caskroom/miniforge/base/envs/mosaics-ff-local/bin/teLeap: Warning!
Close contact of 1.090 angstroms between nonbonded atoms H1' and C1'
-------  .R<DG 6>.A<H1' 12> and .R<C 21>.A<C1' 11>

/opt/homebrew/Caskroom/miniforge/base/envs/mosaics-ff-local/bin/teLeap: Warning!
Close contact of 0.000 angstroms between nonbonded atoms H1' and H1'
-------  .R<DG 6>.A<H1' 12> and .R<C 21>.A<H1' 12>

/opt/homebrew/Caskroom/miniforge/base/envs/mosaics-ff-local/bin/teLeap: Warning!
Close contact of 1.490 angstroms between nonbonded atoms N9 and C1'
-------  .R<DG 6>.A<N9 13> and .R<C 21>.A<C1' 11>

/opt/homebrew/Caskroom/miniforge/base/envs/mosaics-ff-local/bin/teLeap: Warning!
Close contact of 0.001 angstroms between nonbonded atoms N9 and N1
-------  .R<DG 6>.A<N9 13> and .R<C 21>.A<N1 13>

/opt/homebrew/Caskroom/miniforge/base/envs/mosaics-ff-local/bin/teLeap: Warning!
Close contact of 1.360 angstroms between nonbonded atoms N9 and C6
-------  .R<DG 6>.A<N9 13> and .R<C 21>.A<C6 14>

/opt/homebrew/Caskroom/miniforge/base/envs/mosaics-ff-local/bin/teLeap: Warning!
Close contact of 1.388 angstroms between nonbonded atoms N9 and C2
-------  .R<DG 6>.A<N9 13> and .R<C 21>.A<C2 23>

/opt/homebrew/Caskroom/miniforge/base/envs/mosaics-ff-local/bin/teLeap: Warning!
Close contact of 1.380 angstroms between nonbonded atoms C8 and N1
-------  .R<DG 6>.A<C8 14> and .R<C 21>.A<N1 13>

/opt/homebrew/Caskroom/miniforge/base/envs/mosaics-ff-local/bin/teLeap: Warning!
Close contact of 0.194 angstroms between nonbonded atoms C8 and C6
-------  .R<DG 6>.A<C8 14> and .R<C 21>.A<C6 14>

/opt/homebrew/Caskroom/miniforge/base/envs/mosaics-ff-local/bin/teLeap: Warning!
Close contact of 1.249 angstroms between nonbonded atoms C8 and H6
-------  .R<DG 6>.A<C8 14> and .R<C 21>.A<H6 15>

/opt/homebrew/Caskroom/miniforge/base/envs/mosaics-ff-local/bin/teLeap: Warning!
Close contact of 1.194 angstroms between nonbonded atoms C8 and C5
-------  .R<DG 6>.A<C8 14> and .R<C 21>.A<C5 16>

/opt/homebrew/Caskroom/miniforge/base/envs/mosaics-ff-local/bin/teLeap: Warning!
Close contact of 0.939 angstroms between nonbonded atoms H8 and C6
-------  .R<DG 6>.A<H8 15> and .R<C 21>.A<C6 14>

/opt/homebrew/Caskroom/miniforge/base/envs/mosaics-ff-local/bin/teLeap: Warning!
Close contact of 0.309 angstroms between nonbonded atoms H8 and H6
-------  .R<DG 6>.A<H8 15> and .R<C 21>.A<H6 15>

/opt/homebrew/Caskroom/miniforge/base/envs/mosaics-ff-local/bin/teLeap: Warning!
Close contact of 1.499 angstroms between nonbonded atoms N7 and C6
-------  .R<DG 6>.A<N7 16> and .R<C 21>.A<C6 14>

/opt/homebrew/Caskroom/miniforge/base/envs/mosaics-ff-local/bin/teLeap: Warning!
Close contact of 0.442 angstroms between nonbonded atoms N7 and C5
-------  .R<DG 6>.A<N7 16> and .R<C 21>.A<C5 16>

/opt/homebrew/Caskroom/miniforge/base/envs/mosaics-ff-local/bin/teLeap: Warning!
Close contact of 1.458 angstroms between nonbonded atoms N7 and H5
-------  .R<DG 6>.A<N7 16> and .R<C 21>.A<H5 17>

/opt/homebrew/Caskroom/miniforge/base/envs/mosaics-ff-local/bin/teLeap: Warning!
Close contact of 1.016 angstroms between nonbonded atoms N7 and C4
-------  .R<DG 6>.A<N7 16> and .R<C 21>.A<C4 18>

/opt/homebrew/Caskroom/miniforge/base/envs/mosaics-ff-local/bin/teLeap: Warning!
Close contact of 0.815 angstroms between nonbonded atoms C5 and C4
-------  .R<DG 6>.A<C5 17> and .R<C 21>.A<C4 18>

/opt/homebrew/Caskroom/miniforge/base/envs/mosaics-ff-local/bin/teLeap: Warning!
Close contact of 0.592 angstroms between nonbonded atoms C5 and N3
-------  .R<DG 6>.A<C5 17> and .R<C 21>.A<N3 22>

/opt/homebrew/Caskroom/miniforge/base/envs/mosaics-ff-local/bin/teLeap: Warning!
Close contact of 1.371 angstroms between nonbonded atoms C6 and H41
-------  .R<DG 6>.A<C6 18> and .R<C 21>.A<H41 20>

/opt/homebrew/Caskroom/miniforge/base/envs/mosaics-ff-local/bin/teLeap: Warning!
Close contact of 1.208 angstroms between nonbonded atoms C6 and N3
-------  .R<DG 6>.A<C6 18> and .R<C 21>.A<N3 22>

/opt/homebrew/Caskroom/miniforge/base/envs/mosaics-ff-local/bin/teLeap: Warning!
Close contact of 1.265 angstroms between nonbonded atoms O6 and N4
-------  .R<DG 6>.A<O6 19> and .R<C 21>.A<N4 19>

/opt/homebrew/Caskroom/miniforge/base/envs/mosaics-ff-local/bin/teLeap: Warning!
Close contact of 0.302 angstroms between nonbonded atoms O6 and H41
-------  .R<DG 6>.A<O6 19> and .R<C 21>.A<H41 20>

/opt/homebrew/Caskroom/miniforge/base/envs/mosaics-ff-local/bin/teLeap: Warning!
Close contact of 1.203 angstroms between nonbonded atoms N3 and C2
-------  .R<DG 6>.A<N3 26> and .R<C 21>.A<C2 23>

/opt/homebrew/Caskroom/miniforge/base/envs/mosaics-ff-local/bin/teLeap: Warning!
Close contact of 0.405 angstroms between nonbonded atoms N3 and O2
-------  .R<DG 6>.A<N3 26> and .R<C 21>.A<O2 24>

/opt/homebrew/Caskroom/miniforge/base/envs/mosaics-ff-local/bin/teLeap: Warning!
Close contact of 1.373 angstroms between nonbonded atoms C4 and N1
-------  .R<DG 6>.A<C4 27> and .R<C 21>.A<N1 13>

/opt/homebrew/Caskroom/miniforge/base/envs/mosaics-ff-local/bin/teLeap: Warning!
Close contact of 1.211 angstroms between nonbonded atoms C4 and N3
-------  .R<DG 6>.A<C4 27> and .R<C 21>.A<N3 22>

/opt/homebrew/Caskroom/miniforge/base/envs/mosaics-ff-local/bin/teLeap: Warning!
Close contact of 0.195 angstroms between nonbonded atoms C4 and C2
-------  .R<DG 6>.A<C4 27> and .R<C 21>.A<C2 23>

/opt/homebrew/Caskroom/miniforge/base/envs/mosaics-ff-local/bin/teLeap: Warning!
Close contact of 1.425 angstroms between nonbonded atoms C4 and O2
-------  .R<DG 6>.A<C4 27> and .R<C 21>.A<O2 24>

/opt/homebrew/Caskroom/miniforge/base/envs/mosaics-ff-local/bin/teLeap: Warning!
Close contact of 0.000 angstroms between nonbonded atoms C3' and C3'
-------  .R<DG 6>.A<C3' 28> and .R<C 21>.A<C3' 25>

/opt/homebrew/Caskroom/miniforge/base/envs/mosaics-ff-local/bin/teLeap: Warning!
Close contact of 1.090 angstroms between nonbonded atoms C3' and H3'
-------  .R<DG 6>.A<C3' 28> and .R<C 21>.A<H3' 26>

/opt/homebrew/Caskroom/miniforge/base/envs/mosaics-ff-local/bin/teLeap: Warning!
Close contact of 1.420 angstroms between nonbonded atoms C3' and O3'
-------  .R<DG 6>.A<C3' 28> and .R<C 21>.A<O3' 31>

/opt/homebrew/Caskroom/miniforge/base/envs/mosaics-ff-local/bin/teLeap: Warning!
Close contact of 1.090 angstroms between nonbonded atoms H3' and C3'
-------  .R<DG 6>.A<H3' 29> and .R<C 21>.A<C3' 25>

/opt/homebrew/Caskroom/miniforge/base/envs/mosaics-ff-local/bin/teLeap: Warning!
Close contact of 0.000 angstroms between nonbonded atoms H3' and H3'
-------  .R<DG 6>.A<H3' 29> and .R<C 21>.A<H3' 26>

/opt/homebrew/Caskroom/miniforge/base/envs/mosaics-ff-local/bin/teLeap: Warning!
Close contact of 1.140 angstroms between nonbonded atoms H3' and H5'
-------  .R<DG 6>.A<H3' 29> and .R<U 22>.A<H5' 6>

/opt/homebrew/Caskroom/miniforge/base/envs/mosaics-ff-local/bin/teLeap: Warning!
Close contact of 0.000 angstroms between nonbonded atoms C2' and C2'
-------  .R<DG 6>.A<C2' 30> and .R<C 21>.A<C2' 27>

/opt/homebrew/Caskroom/miniforge/base/envs/mosaics-ff-local/bin/teLeap: Warning!
Close contact of 1.090 angstroms between nonbonded atoms C2' and H2'
-------  .R<DG 6>.A<C2' 30> and .R<C 21>.A<H2' 28>

/opt/homebrew/Caskroom/miniforge/base/envs/mosaics-ff-local/bin/teLeap: Warning!
Close contact of 1.430 angstroms between nonbonded atoms C2' and O2'
-------  .R<DG 6>.A<C2' 30> and .R<C 21>.A<O2' 29>

/opt/homebrew/Caskroom/miniforge/base/envs/mosaics-ff-local/bin/teLeap: Warning!
Close contact of 1.090 angstroms between nonbonded atoms H2' and C2'
-------  .R<DG 6>.A<H2' 31> and .R<C 21>.A<C2' 27>

/opt/homebrew/Caskroom/miniforge/base/envs/mosaics-ff-local/bin/teLeap: Warning!
Close contact of 0.000 angstroms between nonbonded atoms H2' and H2'
-------  .R<DG 6>.A<H2' 31> and .R<C 21>.A<H2' 28>

/opt/homebrew/Caskroom/miniforge/base/envs/mosaics-ff-local/bin/teLeap: Warning!
Close contact of 1.090 angstroms between nonbonded atoms H2'' and C2'
-------  .R<DG 6>.A<H2'' 32> and .R<C 21>.A<C2' 27>

/opt/homebrew/Caskroom/miniforge/base/envs/mosaics-ff-local/bin/teLeap: Warning!
Close contact of 0.340 angstroms between nonbonded atoms H2'' and O2'
-------  .R<DG 6>.A<H2'' 32> and .R<C 21>.A<O2' 29>

/opt/homebrew/Caskroom/miniforge/base/envs/mosaics-ff-local/bin/teLeap: Warning!
Close contact of 1.108 angstroms between nonbonded atoms H2'' and HO2'
-------  .R<DG 6>.A<H2'' 32> and .R<C 21>.A<HO2' 30>

/opt/homebrew/Caskroom/miniforge/base/envs/mosaics-ff-local/bin/teLeap: Warning!
Close contact of 1.420 angstroms between nonbonded atoms O3' and C3'
-------  .R<DG 6>.A<O3' 33> and .R<C 21>.A<C3' 25>

/opt/homebrew/Caskroom/miniforge/base/envs/mosaics-ff-local/bin/teLeap: Warning!
Close contact of 0.000 angstroms between nonbonded atoms O3' and O3'
-------  .R<DG 6>.A<O3' 33> and .R<C 21>.A<O3' 31>

/opt/homebrew/Caskroom/miniforge/base/envs/mosaics-ff-local/bin/teLeap: Warning!
Close contact of 0.000 angstroms between nonbonded atoms P and P
-------  .R<DA 5>.A<P 1> and .R<U 20>.A<P 1>

/opt/homebrew/Caskroom/miniforge/base/envs/mosaics-ff-local/bin/teLeap: Warning!
Close contact of 1.480 angstroms between nonbonded atoms P and OP1
-------  .R<DA 5>.A<P 1> and .R<U 20>.A<OP1 2>

/opt/homebrew/Caskroom/miniforge/base/envs/mosaics-ff-local/bin/teLeap: Warning!
Close contact of 1.480 angstroms between nonbonded atoms P and OP2
-------  .R<DA 5>.A<P 1> and .R<U 20>.A<OP2 3>

/opt/homebrew/Caskroom/miniforge/base/envs/mosaics-ff-local/bin/teLeap: Warning!
Close contact of 1.480 angstroms between nonbonded atoms OP1 and P
-------  .R<DA 5>.A<OP1 2> and .R<U 20>.A<P 1>

/opt/homebrew/Caskroom/miniforge/base/envs/mosaics-ff-local/bin/teLeap: Warning!
Close contact of 0.000 angstroms between nonbonded atoms OP1 and OP1
-------  .R<DA 5>.A<OP1 2> and .R<U 20>.A<OP1 2>

/opt/homebrew/Caskroom/miniforge/base/envs/mosaics-ff-local/bin/teLeap: Warning!
Close contact of 1.480 angstroms between nonbonded atoms OP2 and P
-------  .R<DA 5>.A<OP2 3> and .R<U 20>.A<P 1>

/opt/homebrew/Caskroom/miniforge/base/envs/mosaics-ff-local/bin/teLeap: Warning!
Close contact of 0.000 angstroms between nonbonded atoms OP2 and OP2
-------  .R<DA 5>.A<OP2 3> and .R<U 20>.A<OP2 3>

/opt/homebrew/Caskroom/miniforge/base/envs/mosaics-ff-local/bin/teLeap: Warning!
Close contact of 0.000 angstroms between nonbonded atoms O5' and O5'
-------  .R<DA 5>.A<O5' 4> and .R<U 20>.A<O5' 4>

/opt/homebrew/Caskroom/miniforge/base/envs/mosaics-ff-local/bin/teLeap: Warning!
Close contact of 1.440 angstroms between nonbonded atoms O5' and C5'
-------  .R<DA 5>.A<O5' 4> and .R<U 20>.A<C5' 5>

/opt/homebrew/Caskroom/miniforge/base/envs/mosaics-ff-local/bin/teLeap: Warning!
Close contact of 1.440 angstroms between nonbonded atoms C5' and O5'
-------  .R<DA 5>.A<C5' 5> and .R<U 20>.A<O5' 4>

/opt/homebrew/Caskroom/miniforge/base/envs/mosaics-ff-local/bin/teLeap: Warning!
Close contact of 0.000 angstroms between nonbonded atoms C5' and C5'
-------  .R<DA 5>.A<C5' 5> and .R<U 20>.A<C5' 5>

/opt/homebrew/Caskroom/miniforge/base/envs/mosaics-ff-local/bin/teLeap: Warning!
Close contact of 1.090 angstroms between nonbonded atoms C5' and H5'
-------  .R<DA 5>.A<C5' 5> and .R<U 20>.A<H5' 6>

/opt/homebrew/Caskroom/miniforge/base/envs/mosaics-ff-local/bin/teLeap: Warning!
Close contact of 1.090 angstroms between nonbonded atoms C5' and H5''
-------  .R<DA 5>.A<C5' 5> and .R<U 20>.A<H5'' 7>

/opt/homebrew/Caskroom/miniforge/base/envs/mosaics-ff-local/bin/teLeap: Warning!
Close contact of 1.028 angstroms between nonbonded atoms H5' and C4'
-------  .R<DA 5>.A<H5' 6> and .R<DA 5>.A<C4' 8>

/opt/homebrew/Caskroom/miniforge/base/envs/mosaics-ff-local/bin/teLeap: Warning!
Close contact of 1.366 angstroms between nonbonded atoms H5' and O4'
-------  .R<DA 5>.A<H5' 6> and .R<DA 5>.A<O4' 10>

/opt/homebrew/Caskroom/miniforge/base/envs/mosaics-ff-local/bin/teLeap: Warning!
Close contact of 1.090 angstroms between nonbonded atoms H5' and C5'
-------  .R<DA 5>.A<H5' 6> and .R<U 20>.A<C5' 5>

/opt/homebrew/Caskroom/miniforge/base/envs/mosaics-ff-local/bin/teLeap: Warning!
Close contact of 1.246 angstroms between nonbonded atoms H5' and H5'
-------  .R<DA 5>.A<H5' 6> and .R<U 20>.A<H5' 6>

/opt/homebrew/Caskroom/miniforge/base/envs/mosaics-ff-local/bin/teLeap: Warning!
Close contact of 1.028 angstroms between nonbonded atoms H5' and C4'
-------  .R<DA 5>.A<H5' 6> and .R<U 20>.A<C4' 8>

/opt/homebrew/Caskroom/miniforge/base/envs/mosaics-ff-local/bin/teLeap: Warning!
Close contact of 1.366 angstroms between nonbonded atoms H5' and O4'
-------  .R<DA 5>.A<H5' 6> and .R<U 20>.A<O4' 10>

/opt/homebrew/Caskroom/miniforge/base/envs/mosaics-ff-local/bin/teLeap: Warning!
Close contact of 1.090 angstroms between nonbonded atoms H5'' and C5'
-------  .R<DA 5>.A<H5'' 7> and .R<U 20>.A<C5' 5>

/opt/homebrew/Caskroom/miniforge/base/envs/mosaics-ff-local/bin/teLeap: Warning!
Close contact of 0.000 angstroms between nonbonded atoms H5'' and H5''
-------  .R<DA 5>.A<H5'' 7> and .R<U 20>.A<H5'' 7>

/opt/homebrew/Caskroom/miniforge/base/envs/mosaics-ff-local/bin/teLeap: Warning!
Close contact of 0.000 angstroms between nonbonded atoms C4' and C4'
-------  .R<DA 5>.A<C4' 8> and .R<U 20>.A<C4' 8>

/opt/homebrew/Caskroom/miniforge/base/envs/mosaics-ff-local/bin/teLeap: Warning!
Close contact of 1.090 angstroms between nonbonded atoms C4' and H4'
-------  .R<DA 5>.A<C4' 8> and .R<U 20>.A<H4' 9>

/opt/homebrew/Caskroom/miniforge/base/envs/mosaics-ff-local/bin/teLeap: Warning!
Close contact of 1.460 angstroms between nonbonded atoms C4' and O4'
-------  .R<DA 5>.A<C4' 8> and .R<U 20>.A<O4' 10>

/opt/homebrew/Caskroom/miniforge/base/envs/mosaics-ff-local/bin/teLeap: Warning!
Close contact of 1.090 angstroms between nonbonded atoms H4' and C4'
-------  .R<DA 5>.A<H4' 9> and .R<U 20>.A<C4' 8>

/opt/homebrew/Caskroom/miniforge/base/envs/mosaics-ff-local/bin/teLeap: Warning!
Close contact of 0.000 angstroms between nonbonded atoms H4' and H4'
-------  .R<DA 5>.A<H4' 9> and .R<U 20>.A<H4' 9>

/opt/homebrew/Caskroom/miniforge/base/envs/mosaics-ff-local/bin/teLeap: Warning!
Close contact of 1.460 angstroms between nonbonded atoms O4' and C4'
-------  .R<DA 5>.A<O4' 10> and .R<U 20>.A<C4' 8>

/opt/homebrew/Caskroom/miniforge/base/envs/mosaics-ff-local/bin/teLeap: Warning!
Close contact of 0.000 angstroms between nonbonded atoms O4' and O4'
-------  .R<DA 5>.A<O4' 10> and .R<U 20>.A<O4' 10>

/opt/homebrew/Caskroom/miniforge/base/envs/mosaics-ff-local/bin/teLeap: Warning!
Close contact of 1.420 angstroms between nonbonded atoms O4' and C1'
-------  .R<DA 5>.A<O4' 10> and .R<U 20>.A<C1' 11>

/opt/homebrew/Caskroom/miniforge/base/envs/mosaics-ff-local/bin/teLeap: Warning!
Close contact of 1.420 angstroms between nonbonded atoms C1' and O4'
-------  .R<DA 5>.A<C1' 11> and .R<U 20>.A<O4' 10>

/opt/homebrew/Caskroom/miniforge/base/envs/mosaics-ff-local/bin/teLeap: Warning!
Close contact of 0.000 angstroms between nonbonded atoms C1' and C1'
-------  .R<DA 5>.A<C1' 11> and .R<U 20>.A<C1' 11>

/opt/homebrew/Caskroom/miniforge/base/envs/mosaics-ff-local/bin/teLeap: Warning!
Close contact of 1.090 angstroms between nonbonded atoms C1' and H1'
-------  .R<DA 5>.A<C1' 11> and .R<U 20>.A<H1' 12>

/opt/homebrew/Caskroom/miniforge/base/envs/mosaics-ff-local/bin/teLeap: Warning!
Close contact of 1.090 angstroms between nonbonded atoms H1' and C1'
-------  .R<DA 5>.A<H1' 12> and .R<U 20>.A<C1' 11>

/opt/homebrew/Caskroom/miniforge/base/envs/mosaics-ff-local/bin/teLeap: Warning!
Close contact of 0.000 angstroms between nonbonded atoms H1' and H1'
-------  .R<DA 5>.A<H1' 12> and .R<U 20>.A<H1' 12>

/opt/homebrew/Caskroom/miniforge/base/envs/mosaics-ff-local/bin/teLeap: Warning!
Close contact of 0.010 angstroms between nonbonded atoms N9 and N1
-------  .R<DA 5>.A<N9 13> and .R<U 20>.A<N1 13>

/opt/homebrew/Caskroom/miniforge/base/envs/mosaics-ff-local/bin/teLeap: Warning!
Close contact of 1.375 angstroms between nonbonded atoms N9 and C6
-------  .R<DA 5>.A<N9 13> and .R<U 20>.A<C6 14>

/opt/homebrew/Caskroom/miniforge/base/envs/mosaics-ff-local/bin/teLeap: Warning!
Close contact of 1.374 angstroms between nonbonded atoms N9 and C2
-------  .R<DA 5>.A<N9 13> and .R<U 20>.A<C2 22>

/opt/homebrew/Caskroom/miniforge/base/envs/mosaics-ff-local/bin/teLeap: Warning!
Close contact of 1.363 angstroms between nonbonded atoms C8 and N1
-------  .R<DA 5>.A<C8 14> and .R<U 20>.A<N1 13>

/opt/homebrew/Caskroom/miniforge/base/envs/mosaics-ff-local/bin/teLeap: Warning!
Close contact of 0.187 angstroms between nonbonded atoms C8 and C6
-------  .R<DA 5>.A<C8 14> and .R<U 20>.A<C6 14>

/opt/homebrew/Caskroom/miniforge/base/envs/mosaics-ff-local/bin/teLeap: Warning!
Close contact of 1.253 angstroms between nonbonded atoms C8 and H6
-------  .R<DA 5>.A<C8 14> and .R<U 20>.A<H6 15>

/opt/homebrew/Caskroom/miniforge/base/envs/mosaics-ff-local/bin/teLeap: Warning!
Close contact of 1.196 angstroms between nonbonded atoms C8 and C5
-------  .R<DA 5>.A<C8 14> and .R<U 20>.A<C5 16>

/opt/homebrew/Caskroom/miniforge/base/envs/mosaics-ff-local/bin/teLeap: Warning!
Close contact of 0.927 angstroms between nonbonded atoms H8 and C6
-------  .R<DA 5>.A<H8 15> and .R<U 20>.A<C6 14>

/opt/homebrew/Caskroom/miniforge/base/envs/mosaics-ff-local/bin/teLeap: Warning!
Close contact of 0.293 angstroms between nonbonded atoms H8 and H6
-------  .R<DA 5>.A<H8 15> and .R<U 20>.A<H6 15>

/opt/homebrew/Caskroom/miniforge/base/envs/mosaics-ff-local/bin/teLeap: Warning!
Close contact of 1.475 angstroms between nonbonded atoms N7 and C6
-------  .R<DA 5>.A<N7 16> and .R<U 20>.A<C6 14>

/opt/homebrew/Caskroom/miniforge/base/envs/mosaics-ff-local/bin/teLeap: Warning!
Close contact of 0.463 angstroms between nonbonded atoms N7 and C5
-------  .R<DA 5>.A<N7 16> and .R<U 20>.A<C5 16>

/opt/homebrew/Caskroom/miniforge/base/envs/mosaics-ff-local/bin/teLeap: Warning!
Close contact of 1.484 angstroms between nonbonded atoms N7 and H5
-------  .R<DA 5>.A<N7 16> and .R<U 20>.A<H5 17>

/opt/homebrew/Caskroom/miniforge/base/envs/mosaics-ff-local/bin/teLeap: Warning!
Close contact of 1.030 angstroms between nonbonded atoms N7 and C4
-------  .R<DA 5>.A<N7 16> and .R<U 20>.A<C4 18>

/opt/homebrew/Caskroom/miniforge/base/envs/mosaics-ff-local/bin/teLeap: Warning!
Close contact of 0.937 angstroms between nonbonded atoms C5 and C4
-------  .R<DA 5>.A<C5 17> and .R<U 20>.A<C4 18>

/opt/homebrew/Caskroom/miniforge/base/envs/mosaics-ff-local/bin/teLeap: Warning!
Close contact of 0.524 angstroms between nonbonded atoms C5 and N3
-------  .R<DA 5>.A<C5 17> and .R<U 20>.A<N3 20>

/opt/homebrew/Caskroom/miniforge/base/envs/mosaics-ff-local/bin/teLeap: Warning!
Close contact of 1.184 angstroms between nonbonded atoms C6 and N3
-------  .R<DA 5>.A<C6 18> and .R<U 20>.A<N3 20>

/opt/homebrew/Caskroom/miniforge/base/envs/mosaics-ff-local/bin/teLeap: Warning!
Close contact of 0.772 angstroms between nonbonded atoms C6 and H3
-------  .R<DA 5>.A<C6 18> and .R<U 20>.A<H3 21>

/opt/homebrew/Caskroom/miniforge/base/envs/mosaics-ff-local/bin/teLeap: Warning!
Close contact of 1.250 angstroms between nonbonded atoms N6 and O4
-------  .R<DA 5>.A<N6 19> and .R<U 20>.A<O4 19>

/opt/homebrew/Caskroom/miniforge/base/envs/mosaics-ff-local/bin/teLeap: Warning!
Close contact of 0.719 angstroms between nonbonded atoms H62 and O4
-------  .R<DA 5>.A<H62 21> and .R<U 20>.A<O4 19>

/opt/homebrew/Caskroom/miniforge/base/envs/mosaics-ff-local/bin/teLeap: Warning!
Close contact of 0.803 angstroms between nonbonded atoms N1 and H3
-------  .R<DA 5>.A<N1 22> and .R<U 20>.A<H3 21>

/opt/homebrew/Caskroom/miniforge/base/envs/mosaics-ff-local/bin/teLeap: Warning!
Close contact of 1.195 angstroms between nonbonded atoms N3 and C2
-------  .R<DA 5>.A<N3 25> and .R<U 20>.A<C2 22>

/opt/homebrew/Caskroom/miniforge/base/envs/mosaics-ff-local/bin/teLeap: Warning!
Close contact of 0.398 angstroms between nonbonded atoms N3 and O2
-------  .R<DA 5>.A<N3 25> and .R<U 20>.A<O2 23>

/opt/homebrew/Caskroom/miniforge/base/envs/mosaics-ff-local/bin/teLeap: Warning!
Close contact of 1.359 angstroms between nonbonded atoms C4 and N1
-------  .R<DA 5>.A<C4 26> and .R<U 20>.A<N1 13>

/opt/homebrew/Caskroom/miniforge/base/envs/mosaics-ff-local/bin/teLeap: Warning!
Close contact of 1.211 angstroms between nonbonded atoms C4 and N3
-------  .R<DA 5>.A<C4 26> and .R<U 20>.A<N3 20>

/opt/homebrew/Caskroom/miniforge/base/envs/mosaics-ff-local/bin/teLeap: Warning!
Close contact of 0.207 angstroms between nonbonded atoms C4 and C2
-------  .R<DA 5>.A<C4 26> and .R<U 20>.A<C2 22>

/opt/homebrew/Caskroom/miniforge/base/envs/mosaics-ff-local/bin/teLeap: Warning!
Close contact of 1.409 angstroms between nonbonded atoms C4 and O2
-------  .R<DA 5>.A<C4 26> and .R<U 20>.A<O2 23>

/opt/homebrew/Caskroom/miniforge/base/envs/mosaics-ff-local/bin/teLeap: Warning!
Close contact of 0.000 angstroms between nonbonded atoms C3' and C3'
-------  .R<DA 5>.A<C3' 27> and .R<U 20>.A<C3' 24>

/opt/homebrew/Caskroom/miniforge/base/envs/mosaics-ff-local/bin/teLeap: Warning!
Close contact of 1.090 angstroms between nonbonded atoms C3' and H3'
-------  .R<DA 5>.A<C3' 27> and .R<U 20>.A<H3' 25>

/opt/homebrew/Caskroom/miniforge/base/envs/mosaics-ff-local/bin/teLeap: Warning!
Close contact of 1.420 angstroms between nonbonded atoms C3' and O3'
-------  .R<DA 5>.A<C3' 27> and .R<U 20>.A<O3' 30>

/opt/homebrew/Caskroom/miniforge/base/envs/mosaics-ff-local/bin/teLeap: Warning!
Close contact of 1.090 angstroms between nonbonded atoms H3' and C3'
-------  .R<DA 5>.A<H3' 28> and .R<U 20>.A<C3' 24>

/opt/homebrew/Caskroom/miniforge/base/envs/mosaics-ff-local/bin/teLeap: Warning!
Close contact of 0.000 angstroms between nonbonded atoms H3' and H3'
-------  .R<DA 5>.A<H3' 28> and .R<U 20>.A<H3' 25>

/opt/homebrew/Caskroom/miniforge/base/envs/mosaics-ff-local/bin/teLeap: Warning!
Close contact of 1.140 angstroms between nonbonded atoms H3' and H5'
-------  .R<DA 5>.A<H3' 28> and .R<C 21>.A<H5' 6>

/opt/homebrew/Caskroom/miniforge/base/envs/mosaics-ff-local/bin/teLeap: Warning!
Close contact of 0.000 angstroms between nonbonded atoms C2' and C2'
-------  .R<DA 5>.A<C2' 29> and .R<U 20>.A<C2' 26>

/opt/homebrew/Caskroom/miniforge/base/envs/mosaics-ff-local/bin/teLeap: Warning!
Close contact of 1.090 angstroms between nonbonded atoms C2' and H2'
-------  .R<DA 5>.A<C2' 29> and .R<U 20>.A<H2' 27>

/opt/homebrew/Caskroom/miniforge/base/envs/mosaics-ff-local/bin/teLeap: Warning!
Close contact of 1.430 angstroms between nonbonded atoms C2' and O2'
-------  .R<DA 5>.A<C2' 29> and .R<U 20>.A<O2' 28>

/opt/homebrew/Caskroom/miniforge/base/envs/mosaics-ff-local/bin/teLeap: Warning!
Close contact of 1.090 angstroms between nonbonded atoms H2' and C2'
-------  .R<DA 5>.A<H2' 30> and .R<U 20>.A<C2' 26>

/opt/homebrew/Caskroom/miniforge/base/envs/mosaics-ff-local/bin/teLeap: Warning!
Close contact of 0.000 angstroms between nonbonded atoms H2' and H2'
-------  .R<DA 5>.A<H2' 30> and .R<U 20>.A<H2' 27>

/opt/homebrew/Caskroom/miniforge/base/envs/mosaics-ff-local/bin/teLeap: Warning!
Close contact of 1.090 angstroms between nonbonded atoms H2'' and C2'
-------  .R<DA 5>.A<H2'' 31> and .R<U 20>.A<C2' 26>

/opt/homebrew/Caskroom/miniforge/base/envs/mosaics-ff-local/bin/teLeap: Warning!
Close contact of 0.340 angstroms between nonbonded atoms H2'' and O2'
-------  .R<DA 5>.A<H2'' 31> and .R<U 20>.A<O2' 28>

/opt/homebrew/Caskroom/miniforge/base/envs/mosaics-ff-local/bin/teLeap: Warning!
Close contact of 1.108 angstroms between nonbonded atoms H2'' and HO2'
-------  .R<DA 5>.A<H2'' 31> and .R<U 20>.A<HO2' 29>

/opt/homebrew/Caskroom/miniforge/base/envs/mosaics-ff-local/bin/teLeap: Warning!
Close contact of 1.420 angstroms between nonbonded atoms O3' and C3'
-------  .R<DA 5>.A<O3' 32> and .R<U 20>.A<C3' 24>

/opt/homebrew/Caskroom/miniforge/base/envs/mosaics-ff-local/bin/teLeap: Warning!
Close contact of 0.000 angstroms between nonbonded atoms O3' and O3'
-------  .R<DA 5>.A<O3' 32> and .R<U 20>.A<O3' 30>

/opt/homebrew/Caskroom/miniforge/base/envs/mosaics-ff-local/bin/teLeap: Warning!
Close contact of 0.000 angstroms between nonbonded atoms P and P
-------  .R<DG 4>.A<P 1> and .R<C 19>.A<P 1>

/opt/homebrew/Caskroom/miniforge/base/envs/mosaics-ff-local/bin/teLeap: Warning!
Close contact of 1.480 angstroms between nonbonded atoms P and OP1
-------  .R<DG 4>.A<P 1> and .R<C 19>.A<OP1 2>

/opt/homebrew/Caskroom/miniforge/base/envs/mosaics-ff-local/bin/teLeap: Warning!
Close contact of 1.480 angstroms between nonbonded atoms P and OP2
-------  .R<DG 4>.A<P 1> and .R<C 19>.A<OP2 3>

/opt/homebrew/Caskroom/miniforge/base/envs/mosaics-ff-local/bin/teLeap: Warning!
Close contact of 1.480 angstroms between nonbonded atoms OP1 and P
-------  .R<DG 4>.A<OP1 2> and .R<C 19>.A<P 1>

/opt/homebrew/Caskroom/miniforge/base/envs/mosaics-ff-local/bin/teLeap: Warning!
Close contact of 0.000 angstroms between nonbonded atoms OP1 and OP1
-------  .R<DG 4>.A<OP1 2> and .R<C 19>.A<OP1 2>

/opt/homebrew/Caskroom/miniforge/base/envs/mosaics-ff-local/bin/teLeap: Warning!
Close contact of 1.480 angstroms between nonbonded atoms OP2 and P
-------  .R<DG 4>.A<OP2 3> and .R<C 19>.A<P 1>

/opt/homebrew/Caskroom/miniforge/base/envs/mosaics-ff-local/bin/teLeap: Warning!
Close contact of 0.000 angstroms between nonbonded atoms OP2 and OP2
-------  .R<DG 4>.A<OP2 3> and .R<C 19>.A<OP2 3>

/opt/homebrew/Caskroom/miniforge/base/envs/mosaics-ff-local/bin/teLeap: Warning!
Close contact of 0.000 angstroms between nonbonded atoms O5' and O5'
-------  .R<DG 4>.A<O5' 4> and .R<C 19>.A<O5' 4>

/opt/homebrew/Caskroom/miniforge/base/envs/mosaics-ff-local/bin/teLeap: Warning!
Close contact of 1.440 angstroms between nonbonded atoms O5' and C5'
-------  .R<DG 4>.A<O5' 4> and .R<C 19>.A<C5' 5>

/opt/homebrew/Caskroom/miniforge/base/envs/mosaics-ff-local/bin/teLeap: Warning!
Close contact of 1.440 angstroms between nonbonded atoms C5' and O5'
-------  .R<DG 4>.A<C5' 5> and .R<C 19>.A<O5' 4>

/opt/homebrew/Caskroom/miniforge/base/envs/mosaics-ff-local/bin/teLeap: Warning!
Close contact of 0.000 angstroms between nonbonded atoms C5' and C5'
-------  .R<DG 4>.A<C5' 5> and .R<C 19>.A<C5' 5>

/opt/homebrew/Caskroom/miniforge/base/envs/mosaics-ff-local/bin/teLeap: Warning!
Close contact of 1.090 angstroms between nonbonded atoms C5' and H5'
-------  .R<DG 4>.A<C5' 5> and .R<C 19>.A<H5' 6>

/opt/homebrew/Caskroom/miniforge/base/envs/mosaics-ff-local/bin/teLeap: Warning!
Close contact of 1.090 angstroms between nonbonded atoms C5' and H5''
-------  .R<DG 4>.A<C5' 5> and .R<C 19>.A<H5'' 7>

/opt/homebrew/Caskroom/miniforge/base/envs/mosaics-ff-local/bin/teLeap: Warning!
Close contact of 0.622 angstroms between nonbonded atoms H5' and C4'
-------  .R<DG 4>.A<H5' 6> and .R<DG 4>.A<C4' 8>

/opt/homebrew/Caskroom/miniforge/base/envs/mosaics-ff-local/bin/teLeap: Warning!
Close contact of 1.282 angstroms between nonbonded atoms H5' and H4'
-------  .R<DG 4>.A<H5' 6> and .R<DG 4>.A<H4' 9>

/opt/homebrew/Caskroom/miniforge/base/envs/mosaics-ff-local/bin/teLeap: Warning!
Close contact of 1.090 angstroms between nonbonded atoms H5' and C5'
-------  .R<DG 4>.A<H5' 6> and .R<C 19>.A<C5' 5>

/opt/homebrew/Caskroom/miniforge/base/envs/mosaics-ff-local/bin/teLeap: Warning!
Close contact of 0.622 angstroms between nonbonded atoms H5' and C4'
-------  .R<DG 4>.A<H5' 6> and .R<C 19>.A<C4' 8>

/opt/homebrew/Caskroom/miniforge/base/envs/mosaics-ff-local/bin/teLeap: Warning!
Close contact of 1.282 angstroms between nonbonded atoms H5' and H4'
-------  .R<DG 4>.A<H5' 6> and .R<C 19>.A<H4' 9>

/opt/homebrew/Caskroom/miniforge/base/envs/mosaics-ff-local/bin/teLeap: Warning!
Close contact of 1.090 angstroms between nonbonded atoms H5'' and C5'
-------  .R<DG 4>.A<H5'' 7> and .R<C 19>.A<C5' 5>

/opt/homebrew/Caskroom/miniforge/base/envs/mosaics-ff-local/bin/teLeap: Warning!
Close contact of 0.000 angstroms between nonbonded atoms H5'' and H5''
-------  .R<DG 4>.A<H5'' 7> and .R<C 19>.A<H5'' 7>

/opt/homebrew/Caskroom/miniforge/base/envs/mosaics-ff-local/bin/teLeap: Warning!
Close contact of 0.000 angstroms between nonbonded atoms C4' and C4'
-------  .R<DG 4>.A<C4' 8> and .R<C 19>.A<C4' 8>

/opt/homebrew/Caskroom/miniforge/base/envs/mosaics-ff-local/bin/teLeap: Warning!
Close contact of 1.090 angstroms between nonbonded atoms C4' and H4'
-------  .R<DG 4>.A<C4' 8> and .R<C 19>.A<H4' 9>

/opt/homebrew/Caskroom/miniforge/base/envs/mosaics-ff-local/bin/teLeap: Warning!
Close contact of 1.460 angstroms between nonbonded atoms C4' and O4'
-------  .R<DG 4>.A<C4' 8> and .R<C 19>.A<O4' 10>

/opt/homebrew/Caskroom/miniforge/base/envs/mosaics-ff-local/bin/teLeap: Warning!
Close contact of 1.090 angstroms between nonbonded atoms H4' and C4'
-------  .R<DG 4>.A<H4' 9> and .R<C 19>.A<C4' 8>

/opt/homebrew/Caskroom/miniforge/base/envs/mosaics-ff-local/bin/teLeap: Warning!
Close contact of 0.000 angstroms between nonbonded atoms H4' and H4'
-------  .R<DG 4>.A<H4' 9> and .R<C 19>.A<H4' 9>

/opt/homebrew/Caskroom/miniforge/base/envs/mosaics-ff-local/bin/teLeap: Warning!
Close contact of 1.460 angstroms between nonbonded atoms O4' and C4'
-------  .R<DG 4>.A<O4' 10> and .R<C 19>.A<C4' 8>

/opt/homebrew/Caskroom/miniforge/base/envs/mosaics-ff-local/bin/teLeap: Warning!
Close contact of 0.000 angstroms between nonbonded atoms O4' and O4'
-------  .R<DG 4>.A<O4' 10> and .R<C 19>.A<O4' 10>

/opt/homebrew/Caskroom/miniforge/base/envs/mosaics-ff-local/bin/teLeap: Warning!
Close contact of 1.420 angstroms between nonbonded atoms O4' and C1'
-------  .R<DG 4>.A<O4' 10> and .R<C 19>.A<C1' 11>

/opt/homebrew/Caskroom/miniforge/base/envs/mosaics-ff-local/bin/teLeap: Warning!
Close contact of 1.420 angstroms between nonbonded atoms C1' and O4'
-------  .R<DG 4>.A<C1' 11> and .R<C 19>.A<O4' 10>

/opt/homebrew/Caskroom/miniforge/base/envs/mosaics-ff-local/bin/teLeap: Warning!
Close contact of 0.000 angstroms between nonbonded atoms C1' and C1'
-------  .R<DG 4>.A<C1' 11> and .R<C 19>.A<C1' 11>

/opt/homebrew/Caskroom/miniforge/base/envs/mosaics-ff-local/bin/teLeap: Warning!
Close contact of 1.090 angstroms between nonbonded atoms C1' and H1'
-------  .R<DG 4>.A<C1' 11> and .R<C 19>.A<H1' 12>

/opt/homebrew/Caskroom/miniforge/base/envs/mosaics-ff-local/bin/teLeap: Warning!
Close contact of 1.490 angstroms between nonbonded atoms C1' and N1
-------  .R<DG 4>.A<C1' 11> and .R<C 19>.A<N1 13>

/opt/homebrew/Caskroom/miniforge/base/envs/mosaics-ff-local/bin/teLeap: Warning!
Close contact of 1.090 angstroms between nonbonded atoms H1' and C1'
-------  .R<DG 4>.A<H1' 12> and .R<C 19>.A<C1' 11>

/opt/homebrew/Caskroom/miniforge/base/envs/mosaics-ff-local/bin/teLeap: Warning!
Close contact of 0.000 angstroms between nonbonded atoms H1' and H1'
-------  .R<DG 4>.A<H1' 12> and .R<C 19>.A<H1' 12>

/opt/homebrew/Caskroom/miniforge/base/envs/mosaics-ff-local/bin/teLeap: Warning!
Close contact of 1.490 angstroms between nonbonded atoms N9 and C1'
-------  .R<DG 4>.A<N9 13> and .R<C 19>.A<C1' 11>

/opt/homebrew/Caskroom/miniforge/base/envs/mosaics-ff-local/bin/teLeap: Warning!
Close contact of 0.001 angstroms between nonbonded atoms N9 and N1
-------  .R<DG 4>.A<N9 13> and .R<C 19>.A<N1 13>

/opt/homebrew/Caskroom/miniforge/base/envs/mosaics-ff-local/bin/teLeap: Warning!
Close contact of 1.360 angstroms between nonbonded atoms N9 and C6
-------  .R<DG 4>.A<N9 13> and .R<C 19>.A<C6 14>

/opt/homebrew/Caskroom/miniforge/base/envs/mosaics-ff-local/bin/teLeap: Warning!
Close contact of 1.388 angstroms between nonbonded atoms N9 and C2
-------  .R<DG 4>.A<N9 13> and .R<C 19>.A<C2 23>

/opt/homebrew/Caskroom/miniforge/base/envs/mosaics-ff-local/bin/teLeap: Warning!
Close contact of 1.380 angstroms between nonbonded atoms C8 and N1
-------  .R<DG 4>.A<C8 14> and .R<C 19>.A<N1 13>

/opt/homebrew/Caskroom/miniforge/base/envs/mosaics-ff-local/bin/teLeap: Warning!
Close contact of 0.194 angstroms between nonbonded atoms C8 and C6
-------  .R<DG 4>.A<C8 14> and .R<C 19>.A<C6 14>

/opt/homebrew/Caskroom/miniforge/base/envs/mosaics-ff-local/bin/teLeap: Warning!
Close contact of 1.249 angstroms between nonbonded atoms C8 and H6
-------  .R<DG 4>.A<C8 14> and .R<C 19>.A<H6 15>

/opt/homebrew/Caskroom/miniforge/base/envs/mosaics-ff-local/bin/teLeap: Warning!
Close contact of 1.194 angstroms between nonbonded atoms C8 and C5
-------  .R<DG 4>.A<C8 14> and .R<C 19>.A<C5 16>

/opt/homebrew/Caskroom/miniforge/base/envs/mosaics-ff-local/bin/teLeap: Warning!
Close contact of 0.939 angstroms between nonbonded atoms H8 and C6
-------  .R<DG 4>.A<H8 15> and .R<C 19>.A<C6 14>

/opt/homebrew/Caskroom/miniforge/base/envs/mosaics-ff-local/bin/teLeap: Warning!
Close contact of 0.309 angstroms between nonbonded atoms H8 and H6
-------  .R<DG 4>.A<H8 15> and .R<C 19>.A<H6 15>

/opt/homebrew/Caskroom/miniforge/base/envs/mosaics-ff-local/bin/teLeap: Warning!
Close contact of 1.499 angstroms between nonbonded atoms N7 and C6
-------  .R<DG 4>.A<N7 16> and .R<C 19>.A<C6 14>

/opt/homebrew/Caskroom/miniforge/base/envs/mosaics-ff-local/bin/teLeap: Warning!
Close contact of 0.442 angstroms between nonbonded atoms N7 and C5
-------  .R<DG 4>.A<N7 16> and .R<C 19>.A<C5 16>

/opt/homebrew/Caskroom/miniforge/base/envs/mosaics-ff-local/bin/teLeap: Warning!
Close contact of 1.458 angstroms between nonbonded atoms N7 and H5
-------  .R<DG 4>.A<N7 16> and .R<C 19>.A<H5 17>

/opt/homebrew/Caskroom/miniforge/base/envs/mosaics-ff-local/bin/teLeap: Warning!
Close contact of 1.016 angstroms between nonbonded atoms N7 and C4
-------  .R<DG 4>.A<N7 16> and .R<C 19>.A<C4 18>

/opt/homebrew/Caskroom/miniforge/base/envs/mosaics-ff-local/bin/teLeap: Warning!
Close contact of 0.815 angstroms between nonbonded atoms C5 and C4
-------  .R<DG 4>.A<C5 17> and .R<C 19>.A<C4 18>

/opt/homebrew/Caskroom/miniforge/base/envs/mosaics-ff-local/bin/teLeap: Warning!
Close contact of 0.592 angstroms between nonbonded atoms C5 and N3
-------  .R<DG 4>.A<C5 17> and .R<C 19>.A<N3 22>

/opt/homebrew/Caskroom/miniforge/base/envs/mosaics-ff-local/bin/teLeap: Warning!
Close contact of 1.371 angstroms between nonbonded atoms C6 and H41
-------  .R<DG 4>.A<C6 18> and .R<C 19>.A<H41 20>

/opt/homebrew/Caskroom/miniforge/base/envs/mosaics-ff-local/bin/teLeap: Warning!
Close contact of 1.208 angstroms between nonbonded atoms C6 and N3
-------  .R<DG 4>.A<C6 18> and .R<C 19>.A<N3 22>

/opt/homebrew/Caskroom/miniforge/base/envs/mosaics-ff-local/bin/teLeap: Warning!
Close contact of 1.265 angstroms between nonbonded atoms O6 and N4
-------  .R<DG 4>.A<O6 19> and .R<C 19>.A<N4 19>

/opt/homebrew/Caskroom/miniforge/base/envs/mosaics-ff-local/bin/teLeap: Warning!
Close contact of 0.302 angstroms between nonbonded atoms O6 and H41
-------  .R<DG 4>.A<O6 19> and .R<C 19>.A<H41 20>

/opt/homebrew/Caskroom/miniforge/base/envs/mosaics-ff-local/bin/teLeap: Warning!
Close contact of 1.203 angstroms between nonbonded atoms N3 and C2
-------  .R<DG 4>.A<N3 26> and .R<C 19>.A<C2 23>

/opt/homebrew/Caskroom/miniforge/base/envs/mosaics-ff-local/bin/teLeap: Warning!
Close contact of 0.405 angstroms between nonbonded atoms N3 and O2
-------  .R<DG 4>.A<N3 26> and .R<C 19>.A<O2 24>

/opt/homebrew/Caskroom/miniforge/base/envs/mosaics-ff-local/bin/teLeap: Warning!
Close contact of 1.373 angstroms between nonbonded atoms C4 and N1
-------  .R<DG 4>.A<C4 27> and .R<C 19>.A<N1 13>

/opt/homebrew/Caskroom/miniforge/base/envs/mosaics-ff-local/bin/teLeap: Warning!
Close contact of 1.211 angstroms between nonbonded atoms C4 and N3
-------  .R<DG 4>.A<C4 27> and .R<C 19>.A<N3 22>

/opt/homebrew/Caskroom/miniforge/base/envs/mosaics-ff-local/bin/teLeap: Warning!
Close contact of 0.195 angstroms between nonbonded atoms C4 and C2
-------  .R<DG 4>.A<C4 27> and .R<C 19>.A<C2 23>

/opt/homebrew/Caskroom/miniforge/base/envs/mosaics-ff-local/bin/teLeap: Warning!
Close contact of 1.425 angstroms between nonbonded atoms C4 and O2
-------  .R<DG 4>.A<C4 27> and .R<C 19>.A<O2 24>

/opt/homebrew/Caskroom/miniforge/base/envs/mosaics-ff-local/bin/teLeap: Warning!
Close contact of 0.000 angstroms between nonbonded atoms C3' and C3'
-------  .R<DG 4>.A<C3' 28> and .R<C 19>.A<C3' 25>

/opt/homebrew/Caskroom/miniforge/base/envs/mosaics-ff-local/bin/teLeap: Warning!
Close contact of 1.090 angstroms between nonbonded atoms C3' and H3'
-------  .R<DG 4>.A<C3' 28> and .R<C 19>.A<H3' 26>

/opt/homebrew/Caskroom/miniforge/base/envs/mosaics-ff-local/bin/teLeap: Warning!
Close contact of 1.420 angstroms between nonbonded atoms C3' and O3'
-------  .R<DG 4>.A<C3' 28> and .R<C 19>.A<O3' 31>

/opt/homebrew/Caskroom/miniforge/base/envs/mosaics-ff-local/bin/teLeap: Warning!
Close contact of 1.090 angstroms between nonbonded atoms H3' and C3'
-------  .R<DG 4>.A<H3' 29> and .R<C 19>.A<C3' 25>

/opt/homebrew/Caskroom/miniforge/base/envs/mosaics-ff-local/bin/teLeap: Warning!
Close contact of 0.000 angstroms between nonbonded atoms H3' and H3'
-------  .R<DG 4>.A<H3' 29> and .R<C 19>.A<H3' 26>

/opt/homebrew/Caskroom/miniforge/base/envs/mosaics-ff-local/bin/teLeap: Warning!
Close contact of 1.140 angstroms between nonbonded atoms H3' and H5'
-------  .R<DG 4>.A<H3' 29> and .R<U 20>.A<H5' 6>

/opt/homebrew/Caskroom/miniforge/base/envs/mosaics-ff-local/bin/teLeap: Warning!
Close contact of 0.000 angstroms between nonbonded atoms C2' and C2'
-------  .R<DG 4>.A<C2' 30> and .R<C 19>.A<C2' 27>

/opt/homebrew/Caskroom/miniforge/base/envs/mosaics-ff-local/bin/teLeap: Warning!
Close contact of 1.090 angstroms between nonbonded atoms C2' and H2'
-------  .R<DG 4>.A<C2' 30> and .R<C 19>.A<H2' 28>

/opt/homebrew/Caskroom/miniforge/base/envs/mosaics-ff-local/bin/teLeap: Warning!
Close contact of 1.430 angstroms between nonbonded atoms C2' and O2'
-------  .R<DG 4>.A<C2' 30> and .R<C 19>.A<O2' 29>

/opt/homebrew/Caskroom/miniforge/base/envs/mosaics-ff-local/bin/teLeap: Warning!
Close contact of 1.090 angstroms between nonbonded atoms H2' and C2'
-------  .R<DG 4>.A<H2' 31> and .R<C 19>.A<C2' 27>

/opt/homebrew/Caskroom/miniforge/base/envs/mosaics-ff-local/bin/teLeap: Warning!
Close contact of 0.000 angstroms between nonbonded atoms H2' and H2'
-------  .R<DG 4>.A<H2' 31> and .R<C 19>.A<H2' 28>

/opt/homebrew/Caskroom/miniforge/base/envs/mosaics-ff-local/bin/teLeap: Warning!
Close contact of 1.090 angstroms between nonbonded atoms H2'' and C2'
-------  .R<DG 4>.A<H2'' 32> and .R<C 19>.A<C2' 27>

/opt/homebrew/Caskroom/miniforge/base/envs/mosaics-ff-local/bin/teLeap: Warning!
Close contact of 0.340 angstroms between nonbonded atoms H2'' and O2'
-------  .R<DG 4>.A<H2'' 32> and .R<C 19>.A<O2' 29>

/opt/homebrew/Caskroom/miniforge/base/envs/mosaics-ff-local/bin/teLeap: Warning!
Close contact of 1.108 angstroms between nonbonded atoms H2'' and HO2'
-------  .R<DG 4>.A<H2'' 32> and .R<C 19>.A<HO2' 30>

/opt/homebrew/Caskroom/miniforge/base/envs/mosaics-ff-local/bin/teLeap: Warning!
Close contact of 1.420 angstroms between nonbonded atoms O3' and C3'
-------  .R<DG 4>.A<O3' 33> and .R<C 19>.A<C3' 25>

/opt/homebrew/Caskroom/miniforge/base/envs/mosaics-ff-local/bin/teLeap: Warning!
Close contact of 0.000 angstroms between nonbonded atoms O3' and O3'
-------  .R<DG 4>.A<O3' 33> and .R<C 19>.A<O3' 31>

/opt/homebrew/Caskroom/miniforge/base/envs/mosaics-ff-local/bin/teLeap: Warning!
Close contact of 0.000 angstroms between nonbonded atoms P and P
-------  .R<DA 3>.A<P 1> and .R<U 18>.A<P 1>

/opt/homebrew/Caskroom/miniforge/base/envs/mosaics-ff-local/bin/teLeap: Warning!
Close contact of 1.480 angstroms between nonbonded atoms P and OP1
-------  .R<DA 3>.A<P 1> and .R<U 18>.A<OP1 2>

/opt/homebrew/Caskroom/miniforge/base/envs/mosaics-ff-local/bin/teLeap: Warning!
Close contact of 1.480 angstroms between nonbonded atoms P and OP2
-------  .R<DA 3>.A<P 1> and .R<U 18>.A<OP2 3>

/opt/homebrew/Caskroom/miniforge/base/envs/mosaics-ff-local/bin/teLeap: Warning!
Close contact of 1.480 angstroms between nonbonded atoms OP1 and P
-------  .R<DA 3>.A<OP1 2> and .R<U 18>.A<P 1>

/opt/homebrew/Caskroom/miniforge/base/envs/mosaics-ff-local/bin/teLeap: Warning!
Close contact of 0.000 angstroms between nonbonded atoms OP1 and OP1
-------  .R<DA 3>.A<OP1 2> and .R<U 18>.A<OP1 2>

/opt/homebrew/Caskroom/miniforge/base/envs/mosaics-ff-local/bin/teLeap: Warning!
Close contact of 1.480 angstroms between nonbonded atoms OP2 and P
-------  .R<DA 3>.A<OP2 3> and .R<U 18>.A<P 1>

/opt/homebrew/Caskroom/miniforge/base/envs/mosaics-ff-local/bin/teLeap: Warning!
Close contact of 0.000 angstroms between nonbonded atoms OP2 and OP2
-------  .R<DA 3>.A<OP2 3> and .R<U 18>.A<OP2 3>

/opt/homebrew/Caskroom/miniforge/base/envs/mosaics-ff-local/bin/teLeap: Warning!
Close contact of 0.000 angstroms between nonbonded atoms O5' and O5'
-------  .R<DA 3>.A<O5' 4> and .R<U 18>.A<O5' 4>

/opt/homebrew/Caskroom/miniforge/base/envs/mosaics-ff-local/bin/teLeap: Warning!
Close contact of 1.440 angstroms between nonbonded atoms O5' and C5'
-------  .R<DA 3>.A<O5' 4> and .R<U 18>.A<C5' 5>

/opt/homebrew/Caskroom/miniforge/base/envs/mosaics-ff-local/bin/teLeap: Warning!
Close contact of 1.440 angstroms between nonbonded atoms C5' and O5'
-------  .R<DA 3>.A<C5' 5> and .R<U 18>.A<O5' 4>

/opt/homebrew/Caskroom/miniforge/base/envs/mosaics-ff-local/bin/teLeap: Warning!
Close contact of 0.000 angstroms between nonbonded atoms C5' and C5'
-------  .R<DA 3>.A<C5' 5> and .R<U 18>.A<C5' 5>

/opt/homebrew/Caskroom/miniforge/base/envs/mosaics-ff-local/bin/teLeap: Warning!
Close contact of 1.090 angstroms between nonbonded atoms C5' and H5'
-------  .R<DA 3>.A<C5' 5> and .R<U 18>.A<H5' 6>

/opt/homebrew/Caskroom/miniforge/base/envs/mosaics-ff-local/bin/teLeap: Warning!
Close contact of 1.090 angstroms between nonbonded atoms C5' and H5''
-------  .R<DA 3>.A<C5' 5> and .R<U 18>.A<H5'' 7>

/opt/homebrew/Caskroom/miniforge/base/envs/mosaics-ff-local/bin/teLeap: Warning!
Close contact of 0.059 angstroms between nonbonded atoms H5' and H5''
-------  .R<DA 3>.A<H5' 6> and .R<DA 3>.A<H5'' 7>

/opt/homebrew/Caskroom/miniforge/base/envs/mosaics-ff-local/bin/teLeap: Warning!
Close contact of 1.090 angstroms between nonbonded atoms H5' and C5'
-------  .R<DA 3>.A<H5' 6> and .R<U 18>.A<C5' 5>

/opt/homebrew/Caskroom/miniforge/base/envs/mosaics-ff-local/bin/teLeap: Warning!
Close contact of 0.059 angstroms between nonbonded atoms H5' and H5''
-------  .R<DA 3>.A<H5' 6> and .R<U 18>.A<H5'' 7>

/opt/homebrew/Caskroom/miniforge/base/envs/mosaics-ff-local/bin/teLeap: Warning!
Close contact of 1.090 angstroms between nonbonded atoms H5'' and C5'
-------  .R<DA 3>.A<H5'' 7> and .R<U 18>.A<C5' 5>

/opt/homebrew/Caskroom/miniforge/base/envs/mosaics-ff-local/bin/teLeap: Warning!
Close contact of 0.000 angstroms between nonbonded atoms H5'' and H5''
-------  .R<DA 3>.A<H5'' 7> and .R<U 18>.A<H5'' 7>

/opt/homebrew/Caskroom/miniforge/base/envs/mosaics-ff-local/bin/teLeap: Warning!
Close contact of 0.000 angstroms between nonbonded atoms C4' and C4'
-------  .R<DA 3>.A<C4' 8> and .R<U 18>.A<C4' 8>

/opt/homebrew/Caskroom/miniforge/base/envs/mosaics-ff-local/bin/teLeap: Warning!
Close contact of 1.090 angstroms between nonbonded atoms C4' and H4'
-------  .R<DA 3>.A<C4' 8> and .R<U 18>.A<H4' 9>

/opt/homebrew/Caskroom/miniforge/base/envs/mosaics-ff-local/bin/teLeap: Warning!
Close contact of 1.460 angstroms between nonbonded atoms C4' and O4'
-------  .R<DA 3>.A<C4' 8> and .R<U 18>.A<O4' 10>

/opt/homebrew/Caskroom/miniforge/base/envs/mosaics-ff-local/bin/teLeap: Warning!
Close contact of 1.090 angstroms between nonbonded atoms H4' and C4'
-------  .R<DA 3>.A<H4' 9> and .R<U 18>.A<C4' 8>

/opt/homebrew/Caskroom/miniforge/base/envs/mosaics-ff-local/bin/teLeap: Warning!
Close contact of 0.000 angstroms between nonbonded atoms H4' and H4'
-------  .R<DA 3>.A<H4' 9> and .R<U 18>.A<H4' 9>

/opt/homebrew/Caskroom/miniforge/base/envs/mosaics-ff-local/bin/teLeap: Warning!
Close contact of 1.460 angstroms between nonbonded atoms O4' and C4'
-------  .R<DA 3>.A<O4' 10> and .R<U 18>.A<C4' 8>

/opt/homebrew/Caskroom/miniforge/base/envs/mosaics-ff-local/bin/teLeap: Warning!
Close contact of 0.000 angstroms between nonbonded atoms O4' and O4'
-------  .R<DA 3>.A<O4' 10> and .R<U 18>.A<O4' 10>

/opt/homebrew/Caskroom/miniforge/base/envs/mosaics-ff-local/bin/teLeap: Warning!
Close contact of 1.420 angstroms between nonbonded atoms O4' and C1'
-------  .R<DA 3>.A<O4' 10> and .R<U 18>.A<C1' 11>

/opt/homebrew/Caskroom/miniforge/base/envs/mosaics-ff-local/bin/teLeap: Warning!
Close contact of 1.420 angstroms between nonbonded atoms C1' and O4'
-------  .R<DA 3>.A<C1' 11> and .R<U 18>.A<O4' 10>

/opt/homebrew/Caskroom/miniforge/base/envs/mosaics-ff-local/bin/teLeap: Warning!
Close contact of 0.000 angstroms between nonbonded atoms C1' and C1'
-------  .R<DA 3>.A<C1' 11> and .R<U 18>.A<C1' 11>

/opt/homebrew/Caskroom/miniforge/base/envs/mosaics-ff-local/bin/teLeap: Warning!
Close contact of 1.090 angstroms between nonbonded atoms C1' and H1'
-------  .R<DA 3>.A<C1' 11> and .R<U 18>.A<H1' 12>

/opt/homebrew/Caskroom/miniforge/base/envs/mosaics-ff-local/bin/teLeap: Warning!
Close contact of 1.090 angstroms between nonbonded atoms H1' and C1'
-------  .R<DA 3>.A<H1' 12> and .R<U 18>.A<C1' 11>

/opt/homebrew/Caskroom/miniforge/base/envs/mosaics-ff-local/bin/teLeap: Warning!
Close contact of 0.000 angstroms between nonbonded atoms H1' and H1'
-------  .R<DA 3>.A<H1' 12> and .R<U 18>.A<H1' 12>

/opt/homebrew/Caskroom/miniforge/base/envs/mosaics-ff-local/bin/teLeap: Warning!
Close contact of 0.010 angstroms between nonbonded atoms N9 and N1
-------  .R<DA 3>.A<N9 13> and .R<U 18>.A<N1 13>

/opt/homebrew/Caskroom/miniforge/base/envs/mosaics-ff-local/bin/teLeap: Warning!
Close contact of 1.375 angstroms between nonbonded atoms N9 and C6
-------  .R<DA 3>.A<N9 13> and .R<U 18>.A<C6 14>

/opt/homebrew/Caskroom/miniforge/base/envs/mosaics-ff-local/bin/teLeap: Warning!
Close contact of 1.374 angstroms between nonbonded atoms N9 and C2
-------  .R<DA 3>.A<N9 13> and .R<U 18>.A<C2 22>

/opt/homebrew/Caskroom/miniforge/base/envs/mosaics-ff-local/bin/teLeap: Warning!
Close contact of 1.363 angstroms between nonbonded atoms C8 and N1
-------  .R<DA 3>.A<C8 14> and .R<U 18>.A<N1 13>

/opt/homebrew/Caskroom/miniforge/base/envs/mosaics-ff-local/bin/teLeap: Warning!
Close contact of 0.187 angstroms between nonbonded atoms C8 and C6
-------  .R<DA 3>.A<C8 14> and .R<U 18>.A<C6 14>

/opt/homebrew/Caskroom/miniforge/base/envs/mosaics-ff-local/bin/teLeap: Warning!
Close contact of 1.253 angstroms between nonbonded atoms C8 and H6
-------  .R<DA 3>.A<C8 14> and .R<U 18>.A<H6 15>

/opt/homebrew/Caskroom/miniforge/base/envs/mosaics-ff-local/bin/teLeap: Warning!
Close contact of 1.196 angstroms between nonbonded atoms C8 and C5
-------  .R<DA 3>.A<C8 14> and .R<U 18>.A<C5 16>

/opt/homebrew/Caskroom/miniforge/base/envs/mosaics-ff-local/bin/teLeap: Warning!
Close contact of 0.927 angstroms between nonbonded atoms H8 and C6
-------  .R<DA 3>.A<H8 15> and .R<U 18>.A<C6 14>

/opt/homebrew/Caskroom/miniforge/base/envs/mosaics-ff-local/bin/teLeap: Warning!
Close contact of 0.293 angstroms between nonbonded atoms H8 and H6
-------  .R<DA 3>.A<H8 15> and .R<U 18>.A<H6 15>

/opt/homebrew/Caskroom/miniforge/base/envs/mosaics-ff-local/bin/teLeap: Warning!
Close contact of 1.475 angstroms between nonbonded atoms N7 and C6
-------  .R<DA 3>.A<N7 16> and .R<U 18>.A<C6 14>

/opt/homebrew/Caskroom/miniforge/base/envs/mosaics-ff-local/bin/teLeap: Warning!
Close contact of 0.463 angstroms between nonbonded atoms N7 and C5
-------  .R<DA 3>.A<N7 16> and .R<U 18>.A<C5 16>

/opt/homebrew/Caskroom/miniforge/base/envs/mosaics-ff-local/bin/teLeap: Warning!
Close contact of 1.484 angstroms between nonbonded atoms N7 and H5
-------  .R<DA 3>.A<N7 16> and .R<U 18>.A<H5 17>

/opt/homebrew/Caskroom/miniforge/base/envs/mosaics-ff-local/bin/teLeap: Warning!
Close contact of 1.030 angstroms between nonbonded atoms N7 and C4
-------  .R<DA 3>.A<N7 16> and .R<U 18>.A<C4 18>

/opt/homebrew/Caskroom/miniforge/base/envs/mosaics-ff-local/bin/teLeap: Warning!
Close contact of 0.937 angstroms between nonbonded atoms C5 and C4
-------  .R<DA 3>.A<C5 17> and .R<U 18>.A<C4 18>

/opt/homebrew/Caskroom/miniforge/base/envs/mosaics-ff-local/bin/teLeap: Warning!
Close contact of 0.524 angstroms between nonbonded atoms C5 and N3
-------  .R<DA 3>.A<C5 17> and .R<U 18>.A<N3 20>

/opt/homebrew/Caskroom/miniforge/base/envs/mosaics-ff-local/bin/teLeap: Warning!
Close contact of 1.184 angstroms between nonbonded atoms C6 and N3
-------  .R<DA 3>.A<C6 18> and .R<U 18>.A<N3 20>

/opt/homebrew/Caskroom/miniforge/base/envs/mosaics-ff-local/bin/teLeap: Warning!
Close contact of 0.772 angstroms between nonbonded atoms C6 and H3
-------  .R<DA 3>.A<C6 18> and .R<U 18>.A<H3 21>

/opt/homebrew/Caskroom/miniforge/base/envs/mosaics-ff-local/bin/teLeap: Warning!
Close contact of 1.250 angstroms between nonbonded atoms N6 and O4
-------  .R<DA 3>.A<N6 19> and .R<U 18>.A<O4 19>

/opt/homebrew/Caskroom/miniforge/base/envs/mosaics-ff-local/bin/teLeap: Warning!
Close contact of 0.719 angstroms between nonbonded atoms H62 and O4
-------  .R<DA 3>.A<H62 21> and .R<U 18>.A<O4 19>

/opt/homebrew/Caskroom/miniforge/base/envs/mosaics-ff-local/bin/teLeap: Warning!
Close contact of 0.803 angstroms between nonbonded atoms N1 and H3
-------  .R<DA 3>.A<N1 22> and .R<U 18>.A<H3 21>

/opt/homebrew/Caskroom/miniforge/base/envs/mosaics-ff-local/bin/teLeap: Warning!
Close contact of 1.195 angstroms between nonbonded atoms N3 and C2
-------  .R<DA 3>.A<N3 25> and .R<U 18>.A<C2 22>

/opt/homebrew/Caskroom/miniforge/base/envs/mosaics-ff-local/bin/teLeap: Warning!
Close contact of 0.398 angstroms between nonbonded atoms N3 and O2
-------  .R<DA 3>.A<N3 25> and .R<U 18>.A<O2 23>

/opt/homebrew/Caskroom/miniforge/base/envs/mosaics-ff-local/bin/teLeap: Warning!
Close contact of 1.359 angstroms between nonbonded atoms C4 and N1
-------  .R<DA 3>.A<C4 26> and .R<U 18>.A<N1 13>

/opt/homebrew/Caskroom/miniforge/base/envs/mosaics-ff-local/bin/teLeap: Warning!
Close contact of 1.211 angstroms between nonbonded atoms C4 and N3
-------  .R<DA 3>.A<C4 26> and .R<U 18>.A<N3 20>

/opt/homebrew/Caskroom/miniforge/base/envs/mosaics-ff-local/bin/teLeap: Warning!
Close contact of 0.207 angstroms between nonbonded atoms C4 and C2
-------  .R<DA 3>.A<C4 26> and .R<U 18>.A<C2 22>

/opt/homebrew/Caskroom/miniforge/base/envs/mosaics-ff-local/bin/teLeap: Warning!
Close contact of 1.409 angstroms between nonbonded atoms C4 and O2
-------  .R<DA 3>.A<C4 26> and .R<U 18>.A<O2 23>

/opt/homebrew/Caskroom/miniforge/base/envs/mosaics-ff-local/bin/teLeap: Warning!
Close contact of 0.000 angstroms between nonbonded atoms C3' and C3'
-------  .R<DA 3>.A<C3' 27> and .R<U 18>.A<C3' 24>

/opt/homebrew/Caskroom/miniforge/base/envs/mosaics-ff-local/bin/teLeap: Warning!
Close contact of 1.090 angstroms between nonbonded atoms C3' and H3'
-------  .R<DA 3>.A<C3' 27> and .R<U 18>.A<H3' 25>

/opt/homebrew/Caskroom/miniforge/base/envs/mosaics-ff-local/bin/teLeap: Warning!
Close contact of 1.420 angstroms between nonbonded atoms C3' and O3'
-------  .R<DA 3>.A<C3' 27> and .R<U 18>.A<O3' 30>

/opt/homebrew/Caskroom/miniforge/base/envs/mosaics-ff-local/bin/teLeap: Warning!
Close contact of 1.090 angstroms between nonbonded atoms H3' and C3'
-------  .R<DA 3>.A<H3' 28> and .R<U 18>.A<C3' 24>

/opt/homebrew/Caskroom/miniforge/base/envs/mosaics-ff-local/bin/teLeap: Warning!
Close contact of 0.000 angstroms between nonbonded atoms H3' and H3'
-------  .R<DA 3>.A<H3' 28> and .R<U 18>.A<H3' 25>

/opt/homebrew/Caskroom/miniforge/base/envs/mosaics-ff-local/bin/teLeap: Warning!
Close contact of 1.140 angstroms between nonbonded atoms H3' and H5'
-------  .R<DA 3>.A<H3' 28> and .R<C 19>.A<H5' 6>

/opt/homebrew/Caskroom/miniforge/base/envs/mosaics-ff-local/bin/teLeap: Warning!
Close contact of 0.000 angstroms between nonbonded atoms C2' and C2'
-------  .R<DA 3>.A<C2' 29> and .R<U 18>.A<C2' 26>

/opt/homebrew/Caskroom/miniforge/base/envs/mosaics-ff-local/bin/teLeap: Warning!
Close contact of 1.090 angstroms between nonbonded atoms C2' and H2'
-------  .R<DA 3>.A<C2' 29> and .R<U 18>.A<H2' 27>

/opt/homebrew/Caskroom/miniforge/base/envs/mosaics-ff-local/bin/teLeap: Warning!
Close contact of 1.430 angstroms between nonbonded atoms C2' and O2'
-------  .R<DA 3>.A<C2' 29> and .R<U 18>.A<O2' 28>

/opt/homebrew/Caskroom/miniforge/base/envs/mosaics-ff-local/bin/teLeap: Warning!
Close contact of 1.090 angstroms between nonbonded atoms H2' and C2'
-------  .R<DA 3>.A<H2' 30> and .R<U 18>.A<C2' 26>

/opt/homebrew/Caskroom/miniforge/base/envs/mosaics-ff-local/bin/teLeap: Warning!
Close contact of 0.000 angstroms between nonbonded atoms H2' and H2'
-------  .R<DA 3>.A<H2' 30> and .R<U 18>.A<H2' 27>

/opt/homebrew/Caskroom/miniforge/base/envs/mosaics-ff-local/bin/teLeap: Warning!
Close contact of 1.090 angstroms between nonbonded atoms H2'' and C2'
-------  .R<DA 3>.A<H2'' 31> and .R<U 18>.A<C2' 26>

/opt/homebrew/Caskroom/miniforge/base/envs/mosaics-ff-local/bin/teLeap: Warning!
Close contact of 0.340 angstroms between nonbonded atoms H2'' and O2'
-------  .R<DA 3>.A<H2'' 31> and .R<U 18>.A<O2' 28>

/opt/homebrew/Caskroom/miniforge/base/envs/mosaics-ff-local/bin/teLeap: Warning!
Close contact of 1.108 angstroms between nonbonded atoms H2'' and HO2'
-------  .R<DA 3>.A<H2'' 31> and .R<U 18>.A<HO2' 29>

/opt/homebrew/Caskroom/miniforge/base/envs/mosaics-ff-local/bin/teLeap: Warning!
Close contact of 1.420 angstroms between nonbonded atoms O3' and C3'
-------  .R<DA 3>.A<O3' 32> and .R<U 18>.A<C3' 24>

/opt/homebrew/Caskroom/miniforge/base/envs/mosaics-ff-local/bin/teLeap: Warning!
Close contact of 0.000 angstroms between nonbonded atoms O3' and O3'
-------  .R<DA 3>.A<O3' 32> and .R<U 18>.A<O3' 30>

/opt/homebrew/Caskroom/miniforge/base/envs/mosaics-ff-local/bin/teLeap: Warning!
Close contact of 0.000 angstroms between nonbonded atoms P and P
-------  .R<DG 2>.A<P 1> and .R<U 17>.A<P 1>

/opt/homebrew/Caskroom/miniforge/base/envs/mosaics-ff-local/bin/teLeap: Warning!
Close contact of 1.480 angstroms between nonbonded atoms P and OP1
-------  .R<DG 2>.A<P 1> and .R<U 17>.A<OP1 2>

/opt/homebrew/Caskroom/miniforge/base/envs/mosaics-ff-local/bin/teLeap: Warning!
Close contact of 1.480 angstroms between nonbonded atoms P and OP2
-------  .R<DG 2>.A<P 1> and .R<U 17>.A<OP2 3>

/opt/homebrew/Caskroom/miniforge/base/envs/mosaics-ff-local/bin/teLeap: Warning!
Close contact of 1.480 angstroms between nonbonded atoms OP1 and P
-------  .R<DG 2>.A<OP1 2> and .R<U 17>.A<P 1>

/opt/homebrew/Caskroom/miniforge/base/envs/mosaics-ff-local/bin/teLeap: Warning!
Close contact of 0.000 angstroms between nonbonded atoms OP1 and OP1
-------  .R<DG 2>.A<OP1 2> and .R<U 17>.A<OP1 2>

/opt/homebrew/Caskroom/miniforge/base/envs/mosaics-ff-local/bin/teLeap: Warning!
Close contact of 1.480 angstroms between nonbonded atoms OP2 and P
-------  .R<DG 2>.A<OP2 3> and .R<U 17>.A<P 1>

/opt/homebrew/Caskroom/miniforge/base/envs/mosaics-ff-local/bin/teLeap: Warning!
Close contact of 0.000 angstroms between nonbonded atoms OP2 and OP2
-------  .R<DG 2>.A<OP2 3> and .R<U 17>.A<OP2 3>

/opt/homebrew/Caskroom/miniforge/base/envs/mosaics-ff-local/bin/teLeap: Warning!
Close contact of 0.000 angstroms between nonbonded atoms O5' and O5'
-------  .R<DG 2>.A<O5' 4> and .R<U 17>.A<O5' 4>

/opt/homebrew/Caskroom/miniforge/base/envs/mosaics-ff-local/bin/teLeap: Warning!
Close contact of 1.440 angstroms between nonbonded atoms O5' and C5'
-------  .R<DG 2>.A<O5' 4> and .R<U 17>.A<C5' 5>

/opt/homebrew/Caskroom/miniforge/base/envs/mosaics-ff-local/bin/teLeap: Warning!
Close contact of 1.440 angstroms between nonbonded atoms C5' and O5'
-------  .R<DG 2>.A<C5' 5> and .R<U 17>.A<O5' 4>

/opt/homebrew/Caskroom/miniforge/base/envs/mosaics-ff-local/bin/teLeap: Warning!
Close contact of 0.000 angstroms between nonbonded atoms C5' and C5'
-------  .R<DG 2>.A<C5' 5> and .R<U 17>.A<C5' 5>

/opt/homebrew/Caskroom/miniforge/base/envs/mosaics-ff-local/bin/teLeap: Warning!
Close contact of 1.090 angstroms between nonbonded atoms C5' and H5'
-------  .R<DG 2>.A<C5' 5> and .R<U 17>.A<H5' 6>

/opt/homebrew/Caskroom/miniforge/base/envs/mosaics-ff-local/bin/teLeap: Warning!
Close contact of 1.090 angstroms between nonbonded atoms C5' and H5''
-------  .R<DG 2>.A<C5' 5> and .R<U 17>.A<H5'' 7>

/opt/homebrew/Caskroom/miniforge/base/envs/mosaics-ff-local/bin/teLeap: Warning!
Close contact of 0.667 angstroms between nonbonded atoms H5' and C4'
-------  .R<DG 2>.A<H5' 6> and .R<DG 2>.A<C4' 8>

/opt/homebrew/Caskroom/miniforge/base/envs/mosaics-ff-local/bin/teLeap: Warning!
Close contact of 1.379 angstroms between nonbonded atoms H5' and O4'
-------  .R<DG 2>.A<H5' 6> and .R<DG 2>.A<O4' 10>

/opt/homebrew/Caskroom/miniforge/base/envs/mosaics-ff-local/bin/teLeap: Warning!
Close contact of 1.090 angstroms between nonbonded atoms H5' and C5'
-------  .R<DG 2>.A<H5' 6> and .R<U 17>.A<C5' 5>

/opt/homebrew/Caskroom/miniforge/base/envs/mosaics-ff-local/bin/teLeap: Warning!
Close contact of 0.667 angstroms between nonbonded atoms H5' and C4'
-------  .R<DG 2>.A<H5' 6> and .R<U 17>.A<C4' 8>

/opt/homebrew/Caskroom/miniforge/base/envs/mosaics-ff-local/bin/teLeap: Warning!
Close contact of 1.379 angstroms between nonbonded atoms H5' and O4'
-------  .R<DG 2>.A<H5' 6> and .R<U 17>.A<O4' 10>

/opt/homebrew/Caskroom/miniforge/base/envs/mosaics-ff-local/bin/teLeap: Warning!
Close contact of 1.090 angstroms between nonbonded atoms H5'' and C5'
-------  .R<DG 2>.A<H5'' 7> and .R<U 17>.A<C5' 5>

/opt/homebrew/Caskroom/miniforge/base/envs/mosaics-ff-local/bin/teLeap: Warning!
Close contact of 0.000 angstroms between nonbonded atoms H5'' and H5''
-------  .R<DG 2>.A<H5'' 7> and .R<U 17>.A<H5'' 7>

/opt/homebrew/Caskroom/miniforge/base/envs/mosaics-ff-local/bin/teLeap: Warning!
Close contact of 0.000 angstroms between nonbonded atoms C4' and C4'
-------  .R<DG 2>.A<C4' 8> and .R<U 17>.A<C4' 8>

/opt/homebrew/Caskroom/miniforge/base/envs/mosaics-ff-local/bin/teLeap: Warning!
Close contact of 1.090 angstroms between nonbonded atoms C4' and H4'
-------  .R<DG 2>.A<C4' 8> and .R<U 17>.A<H4' 9>

/opt/homebrew/Caskroom/miniforge/base/envs/mosaics-ff-local/bin/teLeap: Warning!
Close contact of 1.460 angstroms between nonbonded atoms C4' and O4'
-------  .R<DG 2>.A<C4' 8> and .R<U 17>.A<O4' 10>

/opt/homebrew/Caskroom/miniforge/base/envs/mosaics-ff-local/bin/teLeap: Warning!
Close contact of 1.090 angstroms between nonbonded atoms H4' and C4'
-------  .R<DG 2>.A<H4' 9> and .R<U 17>.A<C4' 8>

/opt/homebrew/Caskroom/miniforge/base/envs/mosaics-ff-local/bin/teLeap: Warning!
Close contact of 0.000 angstroms between nonbonded atoms H4' and H4'
-------  .R<DG 2>.A<H4' 9> and .R<U 17>.A<H4' 9>

/opt/homebrew/Caskroom/miniforge/base/envs/mosaics-ff-local/bin/teLeap: Warning!
Close contact of 1.460 angstroms between nonbonded atoms O4' and C4'
-------  .R<DG 2>.A<O4' 10> and .R<U 17>.A<C4' 8>

/opt/homebrew/Caskroom/miniforge/base/envs/mosaics-ff-local/bin/teLeap: Warning!
Close contact of 0.000 angstroms between nonbonded atoms O4' and O4'
-------  .R<DG 2>.A<O4' 10> and .R<U 17>.A<O4' 10>

/opt/homebrew/Caskroom/miniforge/base/envs/mosaics-ff-local/bin/teLeap: Warning!
Close contact of 1.420 angstroms between nonbonded atoms O4' and C1'
-------  .R<DG 2>.A<O4' 10> and .R<U 17>.A<C1' 11>

/opt/homebrew/Caskroom/miniforge/base/envs/mosaics-ff-local/bin/teLeap: Warning!
Close contact of 1.420 angstroms between nonbonded atoms C1' and O4'
-------  .R<DG 2>.A<C1' 11> and .R<U 17>.A<O4' 10>

/opt/homebrew/Caskroom/miniforge/base/envs/mosaics-ff-local/bin/teLeap: Warning!
Close contact of 0.000 angstroms between nonbonded atoms C1' and C1'
-------  .R<DG 2>.A<C1' 11> and .R<U 17>.A<C1' 11>

/opt/homebrew/Caskroom/miniforge/base/envs/mosaics-ff-local/bin/teLeap: Warning!
Close contact of 1.090 angstroms between nonbonded atoms C1' and H1'
-------  .R<DG 2>.A<C1' 11> and .R<U 17>.A<H1' 12>

/opt/homebrew/Caskroom/miniforge/base/envs/mosaics-ff-local/bin/teLeap: Warning!
Close contact of 1.090 angstroms between nonbonded atoms H1' and C1'
-------  .R<DG 2>.A<H1' 12> and .R<U 17>.A<C1' 11>

/opt/homebrew/Caskroom/miniforge/base/envs/mosaics-ff-local/bin/teLeap: Warning!
Close contact of 0.000 angstroms between nonbonded atoms H1' and H1'
-------  .R<DG 2>.A<H1' 12> and .R<U 17>.A<H1' 12>

/opt/homebrew/Caskroom/miniforge/base/envs/mosaics-ff-local/bin/teLeap: Warning!
Close contact of 1.490 angstroms between nonbonded atoms N9 and C1'
-------  .R<DG 2>.A<N9 13> and .R<U 17>.A<C1' 11>

/opt/homebrew/Caskroom/miniforge/base/envs/mosaics-ff-local/bin/teLeap: Warning!
Close contact of 0.057 angstroms between nonbonded atoms N9 and N1
-------  .R<DG 2>.A<N9 13> and .R<U 17>.A<N1 13>

/opt/homebrew/Caskroom/miniforge/base/envs/mosaics-ff-local/bin/teLeap: Warning!
Close contact of 1.388 angstroms between nonbonded atoms N9 and C6
-------  .R<DG 2>.A<N9 13> and .R<U 17>.A<C6 14>

/opt/homebrew/Caskroom/miniforge/base/envs/mosaics-ff-local/bin/teLeap: Warning!
Close contact of 1.395 angstroms between nonbonded atoms N9 and C2
-------  .R<DG 2>.A<N9 13> and .R<U 17>.A<C2 22>

/opt/homebrew/Caskroom/miniforge/base/envs/mosaics-ff-local/bin/teLeap: Warning!
Close contact of 1.361 angstroms between nonbonded atoms C8 and N1
-------  .R<DG 2>.A<C8 14> and .R<U 17>.A<N1 13>

/opt/homebrew/Caskroom/miniforge/base/envs/mosaics-ff-local/bin/teLeap: Warning!
Close contact of 0.123 angstroms between nonbonded atoms C8 and C6
-------  .R<DG 2>.A<C8 14> and .R<U 17>.A<C6 14>

/opt/homebrew/Caskroom/miniforge/base/envs/mosaics-ff-local/bin/teLeap: Warning!
Close contact of 1.181 angstroms between nonbonded atoms C8 and H6
-------  .R<DG 2>.A<C8 14> and .R<U 17>.A<H6 15>

/opt/homebrew/Caskroom/miniforge/base/envs/mosaics-ff-local/bin/teLeap: Warning!
Close contact of 1.264 angstroms between nonbonded atoms C8 and C5
-------  .R<DG 2>.A<C8 14> and .R<U 17>.A<C5 16>

/opt/homebrew/Caskroom/miniforge/base/envs/mosaics-ff-local/bin/teLeap: Warning!
Close contact of 0.989 angstroms between nonbonded atoms H8 and C6
-------  .R<DG 2>.A<H8 15> and .R<U 17>.A<C6 14>

/opt/homebrew/Caskroom/miniforge/base/envs/mosaics-ff-local/bin/teLeap: Warning!
Close contact of 0.191 angstroms between nonbonded atoms H8 and H6
-------  .R<DG 2>.A<H8 15> and .R<U 17>.A<H6 15>

/opt/homebrew/Caskroom/miniforge/base/envs/mosaics-ff-local/bin/teLeap: Warning!
Close contact of 1.409 angstroms between nonbonded atoms N7 and C6
-------  .R<DG 2>.A<N7 16> and .R<U 17>.A<C6 14>

/opt/homebrew/Caskroom/miniforge/base/envs/mosaics-ff-local/bin/teLeap: Warning!
Close contact of 0.397 angstroms between nonbonded atoms N7 and C5
-------  .R<DG 2>.A<N7 16> and .R<U 17>.A<C5 16>

/opt/homebrew/Caskroom/miniforge/base/envs/mosaics-ff-local/bin/teLeap: Warning!
Close contact of 1.420 angstroms between nonbonded atoms N7 and H5
-------  .R<DG 2>.A<N7 16> and .R<U 17>.A<H5 17>

/opt/homebrew/Caskroom/miniforge/base/envs/mosaics-ff-local/bin/teLeap: Warning!
Close contact of 1.147 angstroms between nonbonded atoms N7 and C4
-------  .R<DG 2>.A<N7 16> and .R<U 17>.A<C4 18>

/opt/homebrew/Caskroom/miniforge/base/envs/mosaics-ff-local/bin/teLeap: Warning!
Close contact of 0.897 angstroms between nonbonded atoms C5 and C4
-------  .R<DG 2>.A<C5 17> and .R<U 17>.A<C4 18>

/opt/homebrew/Caskroom/miniforge/base/envs/mosaics-ff-local/bin/teLeap: Warning!
Close contact of 0.650 angstroms between nonbonded atoms C5 and N3
-------  .R<DG 2>.A<C5 17> and .R<U 17>.A<N3 20>

/opt/homebrew/Caskroom/miniforge/base/envs/mosaics-ff-local/bin/teLeap: Warning!
Close contact of 1.499 angstroms between nonbonded atoms C6 and C4
-------  .R<DG 2>.A<C6 18> and .R<U 17>.A<C4 18>

/opt/homebrew/Caskroom/miniforge/base/envs/mosaics-ff-local/bin/teLeap: Warning!
Close contact of 1.248 angstroms between nonbonded atoms C6 and N3
-------  .R<DG 2>.A<C6 18> and .R<U 17>.A<N3 20>

/opt/homebrew/Caskroom/miniforge/base/envs/mosaics-ff-local/bin/teLeap: Warning!
Close contact of 0.989 angstroms between nonbonded atoms C6 and H3
-------  .R<DG 2>.A<C6 18> and .R<U 17>.A<H3 21>

/opt/homebrew/Caskroom/miniforge/base/envs/mosaics-ff-local/bin/teLeap: Warning!
Close contact of 1.191 angstroms between nonbonded atoms O6 and O4
-------  .R<DG 2>.A<O6 19> and .R<U 17>.A<O4 19>

/opt/homebrew/Caskroom/miniforge/base/envs/mosaics-ff-local/bin/teLeap: Warning!
Close contact of 0.757 angstroms between nonbonded atoms N1 and H3
-------  .R<DG 2>.A<N1 20> and .R<U 17>.A<H3 21>

/opt/homebrew/Caskroom/miniforge/base/envs/mosaics-ff-local/bin/teLeap: Warning!
Close contact of 1.171 angstroms between nonbonded atoms N3 and C2
-------  .R<DG 2>.A<N3 26> and .R<U 17>.A<C2 22>

/opt/homebrew/Caskroom/miniforge/base/envs/mosaics-ff-local/bin/teLeap: Warning!
Close contact of 0.427 angstroms between nonbonded atoms N3 and O2
-------  .R<DG 2>.A<N3 26> and .R<U 17>.A<O2 23>

/opt/homebrew/Caskroom/miniforge/base/envs/mosaics-ff-local/bin/teLeap: Warning!
Close contact of 1.346 angstroms between nonbonded atoms C4 and N1
-------  .R<DG 2>.A<C4 27> and .R<U 17>.A<N1 13>

/opt/homebrew/Caskroom/miniforge/base/envs/mosaics-ff-local/bin/teLeap: Warning!
Close contact of 1.201 angstroms between nonbonded atoms C4 and N3
-------  .R<DG 2>.A<C4 27> and .R<U 17>.A<N3 20>

/opt/homebrew/Caskroom/miniforge/base/envs/mosaics-ff-local/bin/teLeap: Warning!
Close contact of 0.271 angstroms between nonbonded atoms C4 and C2
-------  .R<DG 2>.A<C4 27> and .R<U 17>.A<C2 22>

/opt/homebrew/Caskroom/miniforge/base/envs/mosaics-ff-local/bin/teLeap: Warning!
Close contact of 1.456 angstroms between nonbonded atoms C4 and O2
-------  .R<DG 2>.A<C4 27> and .R<U 17>.A<O2 23>

/opt/homebrew/Caskroom/miniforge/base/envs/mosaics-ff-local/bin/teLeap: Warning!
Close contact of 0.000 angstroms between nonbonded atoms C3' and C3'
-------  .R<DG 2>.A<C3' 28> and .R<U 17>.A<C3' 24>

/opt/homebrew/Caskroom/miniforge/base/envs/mosaics-ff-local/bin/teLeap: Warning!
Close contact of 1.090 angstroms between nonbonded atoms C3' and H3'
-------  .R<DG 2>.A<C3' 28> and .R<U 17>.A<H3' 25>

/opt/homebrew/Caskroom/miniforge/base/envs/mosaics-ff-local/bin/teLeap: Warning!
Close contact of 1.420 angstroms between nonbonded atoms C3' and O3'
-------  .R<DG 2>.A<C3' 28> and .R<U 17>.A<O3' 30>

/opt/homebrew/Caskroom/miniforge/base/envs/mosaics-ff-local/bin/teLeap: Warning!
Close contact of 1.090 angstroms between nonbonded atoms H3' and C3'
-------  .R<DG 2>.A<H3' 29> and .R<U 17>.A<C3' 24>

/opt/homebrew/Caskroom/miniforge/base/envs/mosaics-ff-local/bin/teLeap: Warning!
Close contact of 0.000 angstroms between nonbonded atoms H3' and H3'
-------  .R<DG 2>.A<H3' 29> and .R<U 17>.A<H3' 25>

/opt/homebrew/Caskroom/miniforge/base/envs/mosaics-ff-local/bin/teLeap: Warning!
Close contact of 1.140 angstroms between nonbonded atoms H3' and H5'
-------  .R<DG 2>.A<H3' 29> and .R<U 18>.A<H5' 6>

/opt/homebrew/Caskroom/miniforge/base/envs/mosaics-ff-local/bin/teLeap: Warning!
Close contact of 0.000 angstroms between nonbonded atoms C2' and C2'
-------  .R<DG 2>.A<C2' 30> and .R<U 17>.A<C2' 26>

/opt/homebrew/Caskroom/miniforge/base/envs/mosaics-ff-local/bin/teLeap: Warning!
Close contact of 1.090 angstroms between nonbonded atoms C2' and H2'
-------  .R<DG 2>.A<C2' 30> and .R<U 17>.A<H2' 27>

/opt/homebrew/Caskroom/miniforge/base/envs/mosaics-ff-local/bin/teLeap: Warning!
Close contact of 1.430 angstroms between nonbonded atoms C2' and O2'
-------  .R<DG 2>.A<C2' 30> and .R<U 17>.A<O2' 28>

/opt/homebrew/Caskroom/miniforge/base/envs/mosaics-ff-local/bin/teLeap: Warning!
Close contact of 1.090 angstroms between nonbonded atoms H2' and C2'
-------  .R<DG 2>.A<H2' 31> and .R<U 17>.A<C2' 26>

/opt/homebrew/Caskroom/miniforge/base/envs/mosaics-ff-local/bin/teLeap: Warning!
Close contact of 0.000 angstroms between nonbonded atoms H2' and H2'
-------  .R<DG 2>.A<H2' 31> and .R<U 17>.A<H2' 27>

/opt/homebrew/Caskroom/miniforge/base/envs/mosaics-ff-local/bin/teLeap: Warning!
Close contact of 1.090 angstroms between nonbonded atoms H2'' and C2'
-------  .R<DG 2>.A<H2'' 32> and .R<U 17>.A<C2' 26>

/opt/homebrew/Caskroom/miniforge/base/envs/mosaics-ff-local/bin/teLeap: Warning!
Close contact of 0.340 angstroms between nonbonded atoms H2'' and O2'
-------  .R<DG 2>.A<H2'' 32> and .R<U 17>.A<O2' 28>

/opt/homebrew/Caskroom/miniforge/base/envs/mosaics-ff-local/bin/teLeap: Warning!
Close contact of 1.108 angstroms between nonbonded atoms H2'' and HO2'
-------  .R<DG 2>.A<H2'' 32> and .R<U 17>.A<HO2' 29>

/opt/homebrew/Caskroom/miniforge/base/envs/mosaics-ff-local/bin/teLeap: Warning!
Close contact of 1.420 angstroms between nonbonded atoms O3' and C3'
-------  .R<DG 2>.A<O3' 33> and .R<U 17>.A<C3' 24>

/opt/homebrew/Caskroom/miniforge/base/envs/mosaics-ff-local/bin/teLeap: Warning!
Close contact of 0.000 angstroms between nonbonded atoms O3' and O3'
-------  .R<DG 2>.A<O3' 33> and .R<U 17>.A<O3' 30>

/opt/homebrew/Caskroom/miniforge/base/envs/mosaics-ff-local/bin/teLeap: Warning!
Close contact of 0.000 angstroms between nonbonded atoms HO5' and HO5'
-------  .R<DG5 1>.A<HO5' 1> and .R<U5 16>.A<HO5' 1>

/opt/homebrew/Caskroom/miniforge/base/envs/mosaics-ff-local/bin/teLeap: Warning!
Close contact of 0.960 angstroms between nonbonded atoms HO5' and O5'
-------  .R<DG5 1>.A<HO5' 1> and .R<U5 16>.A<O5' 2>

/opt/homebrew/Caskroom/miniforge/base/envs/mosaics-ff-local/bin/teLeap: Warning!
Close contact of 0.960 angstroms between nonbonded atoms O5' and HO5'
-------  .R<DG5 1>.A<O5' 2> and .R<U5 16>.A<HO5' 1>

/opt/homebrew/Caskroom/miniforge/base/envs/mosaics-ff-local/bin/teLeap: Warning!
Close contact of 0.000 angstroms between nonbonded atoms O5' and O5'
-------  .R<DG5 1>.A<O5' 2> and .R<U5 16>.A<O5' 2>

/opt/homebrew/Caskroom/miniforge/base/envs/mosaics-ff-local/bin/teLeap: Warning!
Close contact of 1.440 angstroms between nonbonded atoms O5' and C5'
-------  .R<DG5 1>.A<O5' 2> and .R<U5 16>.A<C5' 3>

/opt/homebrew/Caskroom/miniforge/base/envs/mosaics-ff-local/bin/teLeap: Warning!
Close contact of 1.440 angstroms between nonbonded atoms C5' and O5'
-------  .R<DG5 1>.A<C5' 3> and .R<U5 16>.A<O5' 2>

/opt/homebrew/Caskroom/miniforge/base/envs/mosaics-ff-local/bin/teLeap: Warning!
Close contact of 0.000 angstroms between nonbonded atoms C5' and C5'
-------  .R<DG5 1>.A<C5' 3> and .R<U5 16>.A<C5' 3>

/opt/homebrew/Caskroom/miniforge/base/envs/mosaics-ff-local/bin/teLeap: Warning!
Close contact of 1.090 angstroms between nonbonded atoms C5' and H5'
-------  .R<DG5 1>.A<C5' 3> and .R<U5 16>.A<H5' 4>

/opt/homebrew/Caskroom/miniforge/base/envs/mosaics-ff-local/bin/teLeap: Warning!
Close contact of 1.090 angstroms between nonbonded atoms C5' and H5''
-------  .R<DG5 1>.A<C5' 3> and .R<U5 16>.A<H5'' 5>

/opt/homebrew/Caskroom/miniforge/base/envs/mosaics-ff-local/bin/teLeap: Warning!
Close contact of 1.090 angstroms between nonbonded atoms H5' and C5'
-------  .R<DG5 1>.A<H5' 4> and .R<U5 16>.A<C5' 3>

/opt/homebrew/Caskroom/miniforge/base/envs/mosaics-ff-local/bin/teLeap: Warning!
Close contact of 0.000 angstroms between nonbonded atoms H5' and H5'
-------  .R<DG5 1>.A<H5' 4> and .R<U5 16>.A<H5' 4>

/opt/homebrew/Caskroom/miniforge/base/envs/mosaics-ff-local/bin/teLeap: Warning!
Close contact of 1.090 angstroms between nonbonded atoms H5'' and C5'
-------  .R<DG5 1>.A<H5'' 5> and .R<U5 16>.A<C5' 3>

/opt/homebrew/Caskroom/miniforge/base/envs/mosaics-ff-local/bin/teLeap: Warning!
Close contact of 0.000 angstroms between nonbonded atoms H5'' and H5''
-------  .R<DG5 1>.A<H5'' 5> and .R<U5 16>.A<H5'' 5>

/opt/homebrew/Caskroom/miniforge/base/envs/mosaics-ff-local/bin/teLeap: Warning!
Close contact of 0.000 angstroms between nonbonded atoms C4' and C4'
-------  .R<DG5 1>.A<C4' 6> and .R<U5 16>.A<C4' 6>

/opt/homebrew/Caskroom/miniforge/base/envs/mosaics-ff-local/bin/teLeap: Warning!
Close contact of 1.090 angstroms between nonbonded atoms C4' and H4'
-------  .R<DG5 1>.A<C4' 6> and .R<U5 16>.A<H4' 7>

/opt/homebrew/Caskroom/miniforge/base/envs/mosaics-ff-local/bin/teLeap: Warning!
Close contact of 1.460 angstroms between nonbonded atoms C4' and O4'
-------  .R<DG5 1>.A<C4' 6> and .R<U5 16>.A<O4' 8>

/opt/homebrew/Caskroom/miniforge/base/envs/mosaics-ff-local/bin/teLeap: Warning!
Close contact of 1.090 angstroms between nonbonded atoms H4' and C4'
-------  .R<DG5 1>.A<H4' 7> and .R<U5 16>.A<C4' 6>

/opt/homebrew/Caskroom/miniforge/base/envs/mosaics-ff-local/bin/teLeap: Warning!
Close contact of 0.000 angstroms between nonbonded atoms H4' and H4'
-------  .R<DG5 1>.A<H4' 7> and .R<U5 16>.A<H4' 7>

/opt/homebrew/Caskroom/miniforge/base/envs/mosaics-ff-local/bin/teLeap: Warning!
Close contact of 1.460 angstroms between nonbonded atoms O4' and C4'
-------  .R<DG5 1>.A<O4' 8> and .R<U5 16>.A<C4' 6>

/opt/homebrew/Caskroom/miniforge/base/envs/mosaics-ff-local/bin/teLeap: Warning!
Close contact of 0.000 angstroms between nonbonded atoms O4' and O4'
-------  .R<DG5 1>.A<O4' 8> and .R<U5 16>.A<O4' 8>

/opt/homebrew/Caskroom/miniforge/base/envs/mosaics-ff-local/bin/teLeap: Warning!
Close contact of 1.420 angstroms between nonbonded atoms O4' and C1'
-------  .R<DG5 1>.A<O4' 8> and .R<U5 16>.A<C1' 9>

/opt/homebrew/Caskroom/miniforge/base/envs/mosaics-ff-local/bin/teLeap: Warning!
Close contact of 1.420 angstroms between nonbonded atoms C1' and O4'
-------  .R<DG5 1>.A<C1' 9> and .R<U5 16>.A<O4' 8>

/opt/homebrew/Caskroom/miniforge/base/envs/mosaics-ff-local/bin/teLeap: Warning!
Close contact of 0.000 angstroms between nonbonded atoms C1' and C1'
-------  .R<DG5 1>.A<C1' 9> and .R<U5 16>.A<C1' 9>

/opt/homebrew/Caskroom/miniforge/base/envs/mosaics-ff-local/bin/teLeap: Warning!
Close contact of 1.090 angstroms between nonbonded atoms C1' and H1'
-------  .R<DG5 1>.A<C1' 9> and .R<U5 16>.A<H1' 10>

/opt/homebrew/Caskroom/miniforge/base/envs/mosaics-ff-local/bin/teLeap: Warning!
Close contact of 1.090 angstroms between nonbonded atoms H1' and C1'
-------  .R<DG5 1>.A<H1' 10> and .R<U5 16>.A<C1' 9>

/opt/homebrew/Caskroom/miniforge/base/envs/mosaics-ff-local/bin/teLeap: Warning!
Close contact of 0.000 angstroms between nonbonded atoms H1' and H1'
-------  .R<DG5 1>.A<H1' 10> and .R<U5 16>.A<H1' 10>

/opt/homebrew/Caskroom/miniforge/base/envs/mosaics-ff-local/bin/teLeap: Warning!
Close contact of 1.490 angstroms between nonbonded atoms N9 and C1'
-------  .R<DG5 1>.A<N9 11> and .R<U5 16>.A<C1' 9>

/opt/homebrew/Caskroom/miniforge/base/envs/mosaics-ff-local/bin/teLeap: Warning!
Close contact of 0.057 angstroms between nonbonded atoms N9 and N1
-------  .R<DG5 1>.A<N9 11> and .R<U5 16>.A<N1 11>

/opt/homebrew/Caskroom/miniforge/base/envs/mosaics-ff-local/bin/teLeap: Warning!
Close contact of 1.388 angstroms between nonbonded atoms N9 and C6
-------  .R<DG5 1>.A<N9 11> and .R<U5 16>.A<C6 12>

/opt/homebrew/Caskroom/miniforge/base/envs/mosaics-ff-local/bin/teLeap: Warning!
Close contact of 1.395 angstroms between nonbonded atoms N9 and C2
-------  .R<DG5 1>.A<N9 11> and .R<U5 16>.A<C2 20>

/opt/homebrew/Caskroom/miniforge/base/envs/mosaics-ff-local/bin/teLeap: Warning!
Close contact of 1.361 angstroms between nonbonded atoms C8 and N1
-------  .R<DG5 1>.A<C8 12> and .R<U5 16>.A<N1 11>

/opt/homebrew/Caskroom/miniforge/base/envs/mosaics-ff-local/bin/teLeap: Warning!
Close contact of 0.123 angstroms between nonbonded atoms C8 and C6
-------  .R<DG5 1>.A<C8 12> and .R<U5 16>.A<C6 12>

/opt/homebrew/Caskroom/miniforge/base/envs/mosaics-ff-local/bin/teLeap: Warning!
Close contact of 1.181 angstroms between nonbonded atoms C8 and H6
-------  .R<DG5 1>.A<C8 12> and .R<U5 16>.A<H6 13>

/opt/homebrew/Caskroom/miniforge/base/envs/mosaics-ff-local/bin/teLeap: Warning!
Close contact of 1.264 angstroms between nonbonded atoms C8 and C5
-------  .R<DG5 1>.A<C8 12> and .R<U5 16>.A<C5 14>

/opt/homebrew/Caskroom/miniforge/base/envs/mosaics-ff-local/bin/teLeap: Warning!
Close contact of 0.989 angstroms between nonbonded atoms H8 and C6
-------  .R<DG5 1>.A<H8 13> and .R<U5 16>.A<C6 12>

/opt/homebrew/Caskroom/miniforge/base/envs/mosaics-ff-local/bin/teLeap: Warning!
Close contact of 0.191 angstroms between nonbonded atoms H8 and H6
-------  .R<DG5 1>.A<H8 13> and .R<U5 16>.A<H6 13>

/opt/homebrew/Caskroom/miniforge/base/envs/mosaics-ff-local/bin/teLeap: Warning!
Close contact of 1.409 angstroms between nonbonded atoms N7 and C6
-------  .R<DG5 1>.A<N7 14> and .R<U5 16>.A<C6 12>

/opt/homebrew/Caskroom/miniforge/base/envs/mosaics-ff-local/bin/teLeap: Warning!
Close contact of 0.397 angstroms between nonbonded atoms N7 and C5
-------  .R<DG5 1>.A<N7 14> and .R<U5 16>.A<C5 14>

/opt/homebrew/Caskroom/miniforge/base/envs/mosaics-ff-local/bin/teLeap: Warning!
Close contact of 1.420 angstroms between nonbonded atoms N7 and H5
-------  .R<DG5 1>.A<N7 14> and .R<U5 16>.A<H5 15>

/opt/homebrew/Caskroom/miniforge/base/envs/mosaics-ff-local/bin/teLeap: Warning!
Close contact of 1.147 angstroms between nonbonded atoms N7 and C4
-------  .R<DG5 1>.A<N7 14> and .R<U5 16>.A<C4 16>

/opt/homebrew/Caskroom/miniforge/base/envs/mosaics-ff-local/bin/teLeap: Warning!
Close contact of 0.897 angstroms between nonbonded atoms C5 and C4
-------  .R<DG5 1>.A<C5 15> and .R<U5 16>.A<C4 16>

/opt/homebrew/Caskroom/miniforge/base/envs/mosaics-ff-local/bin/teLeap: Warning!
Close contact of 0.650 angstroms between nonbonded atoms C5 and N3
-------  .R<DG5 1>.A<C5 15> and .R<U5 16>.A<N3 18>

/opt/homebrew/Caskroom/miniforge/base/envs/mosaics-ff-local/bin/teLeap: Warning!
Close contact of 1.499 angstroms between nonbonded atoms C6 and C4
-------  .R<DG5 1>.A<C6 16> and .R<U5 16>.A<C4 16>

/opt/homebrew/Caskroom/miniforge/base/envs/mosaics-ff-local/bin/teLeap: Warning!
Close contact of 1.248 angstroms between nonbonded atoms C6 and N3
-------  .R<DG5 1>.A<C6 16> and .R<U5 16>.A<N3 18>

/opt/homebrew/Caskroom/miniforge/base/envs/mosaics-ff-local/bin/teLeap: Warning!
Close contact of 0.989 angstroms between nonbonded atoms C6 and H3
-------  .R<DG5 1>.A<C6 16> and .R<U5 16>.A<H3 19>

/opt/homebrew/Caskroom/miniforge/base/envs/mosaics-ff-local/bin/teLeap: Warning!
Close contact of 1.191 angstroms between nonbonded atoms O6 and O4
-------  .R<DG5 1>.A<O6 17> and .R<U5 16>.A<O4 17>

/opt/homebrew/Caskroom/miniforge/base/envs/mosaics-ff-local/bin/teLeap: Warning!
Close contact of 0.757 angstroms between nonbonded atoms N1 and H3
-------  .R<DG5 1>.A<N1 18> and .R<U5 16>.A<H3 19>

/opt/homebrew/Caskroom/miniforge/base/envs/mosaics-ff-local/bin/teLeap: Warning!
Close contact of 1.171 angstroms between nonbonded atoms N3 and C2
-------  .R<DG5 1>.A<N3 24> and .R<U5 16>.A<C2 20>

/opt/homebrew/Caskroom/miniforge/base/envs/mosaics-ff-local/bin/teLeap: Warning!
Close contact of 0.427 angstroms between nonbonded atoms N3 and O2
-------  .R<DG5 1>.A<N3 24> and .R<U5 16>.A<O2 21>

/opt/homebrew/Caskroom/miniforge/base/envs/mosaics-ff-local/bin/teLeap: Warning!
Close contact of 1.346 angstroms between nonbonded atoms C4 and N1
-------  .R<DG5 1>.A<C4 25> and .R<U5 16>.A<N1 11>

/opt/homebrew/Caskroom/miniforge/base/envs/mosaics-ff-local/bin/teLeap: Warning!
Close contact of 1.201 angstroms between nonbonded atoms C4 and N3
-------  .R<DG5 1>.A<C4 25> and .R<U5 16>.A<N3 18>

/opt/homebrew/Caskroom/miniforge/base/envs/mosaics-ff-local/bin/teLeap: Warning!
Close contact of 0.271 angstroms between nonbonded atoms C4 and C2
-------  .R<DG5 1>.A<C4 25> and .R<U5 16>.A<C2 20>

/opt/homebrew/Caskroom/miniforge/base/envs/mosaics-ff-local/bin/teLeap: Warning!
Close contact of 1.456 angstroms between nonbonded atoms C4 and O2
-------  .R<DG5 1>.A<C4 25> and .R<U5 16>.A<O2 21>

/opt/homebrew/Caskroom/miniforge/base/envs/mosaics-ff-local/bin/teLeap: Warning!
Close contact of 0.000 angstroms between nonbonded atoms C3' and C3'
-------  .R<DG5 1>.A<C3' 26> and .R<U5 16>.A<C3' 22>

/opt/homebrew/Caskroom/miniforge/base/envs/mosaics-ff-local/bin/teLeap: Warning!
Close contact of 1.090 angstroms between nonbonded atoms C3' and H3'
-------  .R<DG5 1>.A<C3' 26> and .R<U5 16>.A<H3' 23>

/opt/homebrew/Caskroom/miniforge/base/envs/mosaics-ff-local/bin/teLeap: Warning!
Close contact of 1.420 angstroms between nonbonded atoms C3' and O3'
-------  .R<DG5 1>.A<C3' 26> and .R<U5 16>.A<O3' 28>

/opt/homebrew/Caskroom/miniforge/base/envs/mosaics-ff-local/bin/teLeap: Warning!
Close contact of 1.090 angstroms between nonbonded atoms H3' and C3'
-------  .R<DG5 1>.A<H3' 27> and .R<U5 16>.A<C3' 22>

/opt/homebrew/Caskroom/miniforge/base/envs/mosaics-ff-local/bin/teLeap: Warning!
Close contact of 0.000 angstroms between nonbonded atoms H3' and H3'
-------  .R<DG5 1>.A<H3' 27> and .R<U5 16>.A<H3' 23>

/opt/homebrew/Caskroom/miniforge/base/envs/mosaics-ff-local/bin/teLeap: Warning!
Close contact of 1.140 angstroms between nonbonded atoms H3' and H5'
-------  .R<DG5 1>.A<H3' 27> and .R<U 17>.A<H5' 6>

/opt/homebrew/Caskroom/miniforge/base/envs/mosaics-ff-local/bin/teLeap: Warning!
Close contact of 0.000 angstroms between nonbonded atoms C2' and C2'
-------  .R<DG5 1>.A<C2' 28> and .R<U5 16>.A<C2' 24>

/opt/homebrew/Caskroom/miniforge/base/envs/mosaics-ff-local/bin/teLeap: Warning!
Close contact of 1.090 angstroms between nonbonded atoms C2' and H2'
-------  .R<DG5 1>.A<C2' 28> and .R<U5 16>.A<H2' 25>

/opt/homebrew/Caskroom/miniforge/base/envs/mosaics-ff-local/bin/teLeap: Warning!
Close contact of 1.430 angstroms between nonbonded atoms C2' and O2'
-------  .R<DG5 1>.A<C2' 28> and .R<U5 16>.A<O2' 26>

/opt/homebrew/Caskroom/miniforge/base/envs/mosaics-ff-local/bin/teLeap: Warning!
Close contact of 1.090 angstroms between nonbonded atoms H2' and C2'
-------  .R<DG5 1>.A<H2' 29> and .R<U5 16>.A<C2' 24>

/opt/homebrew/Caskroom/miniforge/base/envs/mosaics-ff-local/bin/teLeap: Warning!
Close contact of 0.000 angstroms between nonbonded atoms H2' and H2'
-------  .R<DG5 1>.A<H2' 29> and .R<U5 16>.A<H2' 25>

/opt/homebrew/Caskroom/miniforge/base/envs/mosaics-ff-local/bin/teLeap: Warning!
Close contact of 1.090 angstroms between nonbonded atoms H2'' and C2'
-------  .R<DG5 1>.A<H2'' 30> and .R<U5 16>.A<C2' 24>

/opt/homebrew/Caskroom/miniforge/base/envs/mosaics-ff-local/bin/teLeap: Warning!
Close contact of 0.340 angstroms between nonbonded atoms H2'' and O2'
-------  .R<DG5 1>.A<H2'' 30> and .R<U5 16>.A<O2' 26>

/opt/homebrew/Caskroom/miniforge/base/envs/mosaics-ff-local/bin/teLeap: Warning!
Close contact of 1.108 angstroms between nonbonded atoms H2'' and HO2'
-------  .R<DG5 1>.A<H2'' 30> and .R<U5 16>.A<HO2' 27>

/opt/homebrew/Caskroom/miniforge/base/envs/mosaics-ff-local/bin/teLeap: Warning!
Close contact of 1.420 angstroms between nonbonded atoms O3' and C3'
-------  .R<DG5 1>.A<O3' 31> and .R<U5 16>.A<C3' 22>

/opt/homebrew/Caskroom/miniforge/base/envs/mosaics-ff-local/bin/teLeap: Warning!
Close contact of 0.000 angstroms between nonbonded atoms O3' and O3'
-------  .R<DG5 1>.A<O3' 31> and .R<U5 16>.A<O3' 28>

/opt/homebrew/Caskroom/miniforge/base/envs/mosaics-ff-local/bin/teLeap: Warning!
Close contact of 1.140 angstroms between nonbonded atoms H3' and H5'
-------  .R<U5 16>.A<H3' 23> and .R<U 17>.A<H5' 6>

/opt/homebrew/Caskroom/miniforge/base/envs/mosaics-ff-local/bin/teLeap: Warning!
Close contact of 1.140 angstroms between nonbonded atoms H3' and H5'
-------  .R<U 17>.A<H3' 25> and .R<U 18>.A<H5' 6>

/opt/homebrew/Caskroom/miniforge/base/envs/mosaics-ff-local/bin/teLeap: Warning!
Close contact of 1.140 angstroms between nonbonded atoms H3' and H5'
-------  .R<U 18>.A<H3' 25> and .R<C 19>.A<H5' 6>

/opt/homebrew/Caskroom/miniforge/base/envs/mosaics-ff-local/bin/teLeap: Warning!
Close contact of 1.140 angstroms between nonbonded atoms H3' and H5'
-------  .R<C 19>.A<H3' 26> and .R<U 20>.A<H5' 6>

/opt/homebrew/Caskroom/miniforge/base/envs/mosaics-ff-local/bin/teLeap: Warning!
Close contact of 1.140 angstroms between nonbonded atoms H3' and H5'
-------  .R<U 20>.A<H3' 25> and .R<C 21>.A<H5' 6>

/opt/homebrew/Caskroom/miniforge/base/envs/mosaics-ff-local/bin/teLeap: Warning!
Close contact of 1.140 angstroms between nonbonded atoms H3' and H5'
-------  .R<C 21>.A<H3' 26> and .R<U 22>.A<H5' 6>

/opt/homebrew/Caskroom/miniforge/base/envs/mosaics-ff-local/bin/teLeap: Warning!
Close contact of 1.140 angstroms between nonbonded atoms H3' and H5'
-------  .R<U 22>.A<H3' 25> and .R<U 23>.A<H5' 6>

/opt/homebrew/Caskroom/miniforge/base/envs/mosaics-ff-local/bin/teLeap: Warning!
Close contact of 1.140 angstroms between nonbonded atoms H3' and H5'
-------  .R<U 23>.A<H3' 25> and .R<C 24>.A<H5' 6>

/opt/homebrew/Caskroom/miniforge/base/envs/mosaics-ff-local/bin/teLeap: Warning!
Close contact of 1.140 angstroms between nonbonded atoms H3' and H5'
-------  .R<C 24>.A<H3' 26> and .R<C 25>.A<H5' 6>

/opt/homebrew/Caskroom/miniforge/base/envs/mosaics-ff-local/bin/teLeap: Warning!
Close contact of 1.140 angstroms between nonbonded atoms H3' and H5'
-------  .R<C 25>.A<H3' 26> and .R<U 26>.A<H5' 6>

/opt/homebrew/Caskroom/miniforge/base/envs/mosaics-ff-local/bin/teLeap: Warning!
Close contact of 1.140 angstroms between nonbonded atoms H3' and H5'
-------  .R<U 26>.A<H3' 25> and .R<C 27>.A<H5' 6>

/opt/homebrew/Caskroom/miniforge/base/envs/mosaics-ff-local/bin/teLeap: Warning!
Close contact of 1.140 angstroms between nonbonded atoms H3' and H5'
-------  .R<C 27>.A<H3' 26> and .R<U 28>.A<H5' 6>

/opt/homebrew/Caskroom/miniforge/base/envs/mosaics-ff-local/bin/teLeap: Warning!
Close contact of 1.140 angstroms between nonbonded atoms H3' and H5'
-------  .R<U 28>.A<H3' 25> and .R<C 29>.A<H5' 6>

/opt/homebrew/Caskroom/miniforge/base/envs/mosaics-ff-local/bin/teLeap: Warning!
Close contact of 1.140 angstroms between nonbonded atoms H3' and H5'
-------  .R<C 29>.A<H3' 26> and .R<C3 30>.A<H5' 6>
Checking parameters for unit 'combined'.
Checking for bond parameters.
Checking for angle parameters.
check:  Warnings: 1146
Unit is OK.
Checking Unit.

/opt/homebrew/Caskroom/miniforge/base/envs/mosaics-ff-local/bin/teLeap: Warning!
The unperturbed charge of the unit (-28.000000) is not zero.

/opt/homebrew/Caskroom/miniforge/base/envs/mosaics-ff-local/bin/teLeap: Note.
Ignoring the warning from Unit Checking.

Building topology.
Building atom parameters.
Building bond parameters.
Building angle parameters.
Building proper torsion parameters.
Building improper torsion parameters.
 total 262 improper torsions applied
Building H-Bond parameters.
Incorporating Non-Bonded adjustments.
Not Marking per-residue atom chain types.
Marking per-residue atom chain types.
 (no restraints)
Writing pdb file: ol21_ol3_padded.pdb
	Quit

Exiting LEaP: Errors = 0; Warnings = 1147; Notes = 2.

--- stderr ---
